French,Russian,ExampleFrench,ExampleRussian,Emoji,WordType
je,я,<b>Je</b> suis étudiant à Montréal.,<b>Я</b> студент в Монреале.,👤,pron
ne,не (отрицание),Je <b>ne</b> comprends pas cette phrase.,Я <b>не</b> понимаю эту фразу.,🚫,adv
la,определённый артикль (ж.р.),<b>La</b> maison est grande.,Дом большой.,📎,art
et,и,Mon mari <b>et</b> moi cherchons un appartement à Montréal.,Мой муж <b>и</b> я ищем квартиру в Монреале.,➕,conj
le,определённый артикль (м.р.),<b>Le</b> livre est sur la table.,Книга на столе.,📎,art
à,в; к; на,J'habite <b>à</b> Québec depuis deux ans.,Я живу <b>в</b> Квебеке два года.,📍,prep
pas,не (с ne),Ce n'est <b>pas</b> difficile d'apprendre le français.,<b>Не</b> сложно учить французский.,🙅,adv
les,определённый артикль (мн.ч.),<b>Les</b> enfants jouent dehors.,Дети играют на улице.,📎,art
l',определённый артикль (перед гласной),<b>L'</b>hiver au Québec est long.,Зима в Квебеке долгая.,📎,art
tu,ты,<b>Tu</b> viens avec moi ?,<b>Ты</b> идёшь со мной?,👤,pron
vous,вы; Вы (вежл.),<b>Vous</b> êtes d'où ?,<b>Вы</b> откуда?,👥,pron
d',предлог de (перед гласной),Je viens <b>d'</b>arriver.,Я только что приехал.,📎,prep
des,неопределённый артикль (мн.ч.),Il y a <b>des</b> pommes sur la table.,На столе есть яблоки.,📎,art
on,мы (разг.),<b>On</b> va manger de la poutine ce soir.,<b>Мы</b> будем есть путин сегодня вечером.,👥,pron
qui,который; кто,La fille <b>qui</b> parle est ma soeur.,"Девушка, <b>которая</b> говорит — моя сестра.",❓,pron
ça,это (разг.),<b>Ça</b> ne me dérange pas du tout.,<b>Это</b> меня совсем не беспокоит.,👆,pron
dans,в (внутри),Il y a beaucoup de parcs <b>dans</b> cette ville.,В этом городе много парков.,📦,prep
elle,она,<b>Elle</b> habite à Québec.,<b>Она</b> живёт в Квебеке.,👩,pron
du,слитный артикль (de + le),Je bois <b>du</b> café.,Я пью кофе.,📎,art
mais,"но, однако","J'aime Montréal, <b>mais</b> je préfère Québec.","Я люблю Монреаль, <b>но</b> предпочитаю Квебек.",↩️,conj
me,меня; мне,Il <b>me</b> parle en français.,Он говорит <b>мне</b> по-французски.,👤,pron
plus,больше; более,Il fait <b>plus</b> froid ici qu'en France.,"Здесь <b>более</b> холодно, чем во Франции.",➕,adv
nous,мы; нас; нам,<b>Nous</b> allons au cinéma.,<b>Мы</b> идём в кино.,👥,pron
au,слитный артикль (à + le),Je vais <b>au</b> travail.,Я иду на работу.,📎,art
se,себя (возвр.),Elle <b>se</b> lève tôt.,Она встаёт рано.,🔄,pron
y,туда; там,J'<b>y</b> vais demain.,Я иду <b>туда</b> завтра.,📍,pron
avec,с; вместе с,Je travaille <b>avec</b> des collègues du monde entier.,Я работаю <b>с</b> коллегами со всего мира.,🤝,prep
que,что; который,Je sais <b>que</b> tu as raison.,"Я знаю, <b>что</b> ты прав.",📎,pron
sur,на (поверхность),Pose ton sac <b>sur</b> la table.,Положи сумку <b>на</b> стол.,⬆️,prep
lui,ему; ей; он (ударн.),Je <b>lui</b> ai parlé hier.,Я говорил с <b>ним</b> вчера.,👤,pron
ils,они (м.р.),<b>Ils</b> arrivent demain.,<b>Они</b> приезжают завтра.,👥,pron
moi,я (ударн.),C'est pour <b>moi</b> ?,Это для <b>меня</b>?,👤,pron
t',тебя; тебе (перед гласной),Je <b>t'</b>aime.,Я <b>тебя</b> люблю.,💕,pron
te,тебя; тебе,Je <b>te</b> vois demain.,Увидимся завтра.,👤,pron
par,через; по,"Passe <b>par</b> le parc, c'est plus court.","Пройди <b>через</b> парк, так короче.",➡️,prep
oui,да,"<b>Oui</b>, je suis disponible demain matin.","<b>Да</b>, я свободен завтра утром.",✅,adv
où,где; куда,<b>Où</b> est la station de métro la plus proche ?,<b>Где</b> ближайшая станция метро?,📍,pron
rien,ничего,Je n'ai <b>rien</b> compris à cette émission en québécois.,Я <b>ничего</b> не понял в этой передаче на квебекском.,0️⃣,pron
toi,ты (ударн.),C'est <b>toi</b> qui décides.,<b>Ты</b> решаешь.,👤,pron
quand,когда,<b>Quand</b> est-ce que tu arrives à Montréal ?,<b>Когда</b> ты приезжаешь в Монреаль?,⏰,conj
ou,или,Tu préfères le café <b>ou</b> le thé ?,Ты предпочитаешь кофе <b>или</b> чай?,🔀,conj
sans,без,Je ne peux pas vivre <b>sans</b> café le matin.,Я не могу жить <b>без</b> кофе по утрам.,🚫,prep
très,очень,Il fait <b>très</b> frette aujourd'hui — moins vingt !,Сегодня <b>очень</b> холодно — минус двадцать!,💯,adv
encore,ещё; снова,"Tu peux répéter <b>encore</b> une fois, s'il te plaît ?","Можешь повторить <b>ещё</b> раз, пожалуйста?",🔁,adv
tout,"весь, всё",<b>Tout</b> le monde est là.,<b>Все</b> здесь.,🌍,adv
jamais,никогда,Je n'ai <b>jamais</b> vu autant de neige !,Я <b>никогда</b> не видел столько снега!,🚫,adv
aux,слитный артикль (à + les),Je parle <b>aux</b> enfants.,Я говорю с детьми.,📎,art
deux,два,J'ai <b>deux</b> frères.,У меня <b>два</b> брата.,2️⃣,num
toujours,всегда,Il fait <b>toujours</b> froid en janvier au Québec.,В январе в Квебеке <b>всегда</b> холодно.,♾️,adv
trop,слишком,Il fait <b>trop</b> froid pour sortir aujourd'hui.,"Сегодня <b>слишком</b> холодно, чтобы выходить.",📈,adv
est-ce que,ли (вопрос),<b>Est-ce que</b> tu parles français ?,Ты говоришь по-французски?,❓,adv
peut-être,может быть,<b>Peut-être</b> qu'il neigera demain.,"<b>Может быть</b>, завтра будет снег.",🤔,adv
maintenant,сейчас; теперь,<b>Maintenant</b> je comprends mieux le québécois.,<b>Теперь</b> я лучше понимаю квебекский.,⏰,adv
chez,у; к; в (дом/офис),Je vais <b>chez</b> le médecin cet après-midi.,Я иду <b>к</b> врачу сегодня после обеда.,🏠,prep
vraiment,действительно; очень,C'est <b>vraiment</b> difficile de trouver un logement.,<b>Действительно</b> сложно найти жильё.,💯,adv
oh,о! ох!,"<b>Oh</b>, c'est tellement beau ici !","<b>О</b>, здесь так красиво!",😮,interj
sous,под,Le chat est caché <b>sous</b> le lit.,Кот спрятался <b>под</b> кроватью.,⬇️,prep
cela,это; то,<b>Cela</b> ne me plaît pas.,<b>Это</b> мне не нравится.,👆,pron
merci,спасибо,<b>Merci</b> beaucoup pour ton aide !,Большое <b>спасибо</b> за помощь!,🙏,interj
moins,меньше; минус,Il fait <b>moins</b> vingt degrés dehors.,На улице <b>минус</b> двадцать градусов.,➖,adv
beaucoup,много,J'aime <b>beaucoup</b> la poutine !,Я <b>очень</b> люблю путин!,📈,adv
entre,между,Le café est <b>entre</b> la banque et la pharmacie.,Кафе <b>между</b> банком и аптекой.,↔️,prep
mieux,лучше,Tu parles français <b>mieux</b> qu'avant.,"Ты говоришь по-французски <b>лучше</b>, чем раньше.",⬆️,adv
autre,другой,Tu as une <b>autre</b> idée ?,У тебя есть <b>другая</b> идея?,🔄,pron
vers,к; около (время),Je finis le travail <b>vers</b> dix-sept heures.,Я заканчиваю работу <b>около</b> пяти.,➡️,prep
dont,о котором; чей,Le livre <b>dont</b> je parle est célèbre.,"Книга, <b>о которой</b> я говорю, знаменита.",📎,pron
pourquoi,почему,<b>Pourquoi</b> as-tu choisi le Canada ?,<b>Почему</b> ты выбрал Канаду?,❓,conj
elles,они (ж.р.),<b>Elles</b> sont arrivées hier.,<b>Они</b> приехали вчера.,👩‍👩‍👧,pron
trois,три,J'ai <b>trois</b> soeurs.,У меня <b>три</b> сестры.,3️⃣,num
ni,ни,Je ne parle <b>ni</b> anglais <b>ni</b> espagnol.,"Я не говорю <b>ни</b> по-английски, <b>ни</b> по-испански.",🚫,conj
personne,никто,<b>Personne</b> n'a répondu à mon courriel.,<b>Никто</b> не ответил на мой email.,0️⃣,pron
ah,а! ах!,"<b>Ah</b>, maintenant je comprends !","<b>А</b>, теперь я понимаю!",💡,interj
vite,быстро,"Viens <b>vite</b>, le bus arrive !","Иди <b>быстрее</b>, автобус приезжает!",⚡,adv
quelqu'un,кто-то,<b>Quelqu'un</b> m'a appelé ce matin.,<b>Кто-то</b> мне звонил утром.,👤,pron
contre,против,Je suis <b>contre</b> cette idée.,Я <b>против</b> этой идеи.,🚫,prep
assez,достаточно,J'en ai <b>assez</b> de ce froid !,Мне <b>хватит</b> этого холода!,✋,adv
mal,плохо,J'ai <b>mal</b> à la gorge depuis hier.,У меня болит горло со вчерашнего дня.,😣,adv
tant,столько; так,J'ai <b>tant</b> de choses à faire aujourd'hui.,У меня <b>столько</b> дел сегодня.,📊,adv
eux,они (ударн.),C'est pour <b>eux</b>.,Это для <b>них</b>.,👥,pron
peu,мало,Il y a <b>peu</b> de neige cette année.,В этом году <b>мало</b> снега.,📉,adv
tard,поздно,"Il est <b>tard</b>, je dois rentrer.","Уже <b>поздно</b>, мне нужно домой.",🌙,adv
leur,им,Je <b>leur</b> ai donné le livre.,Я дал <b>им</b> книгу.,👥,pron
ouais,да (разг.),"<b>Ouais</b>, je suis d'accord avec toi.","<b>Да</b>, я с тобой согласен.",👍,adv
loin,далеко,Le supermarché n'est pas <b>loin</b> d'ici.,Супермаркет <b>недалеко</b> отсюда.,📍,adv
seulement,только,J'ai <b>seulement</b> cinq minutes pour manger.,У меня <b>только</b> пять минут на еду.,1️⃣,adv
tous,все,"<b>Tous</b> les jours, je travaille.",<b>Каждый</b> день я работаю.,👥,pron
demain,завтра,On se voit <b>demain</b> au bureau.,Увидимся <b>завтра</b> в офисе.,📆,adv
longtemps,долго,Ça fait <b>longtemps</b> que je ne t'ai pas vu !,<b>Давно</b> тебя не видел!,⏰,adv
eh,э! эй!,"<b>Eh</b>, tu m'écoutes ou non ?","<b>Эй</b>, ты меня слушаешь или нет?",👋,interj
hein,а? да?,"Tu viens avec nous, <b>hein</b> ?","Ты идёшь с нами, <b>да</b>?",❓,interj
presque,почти,J'ai <b>presque</b> fini mon travail.,Я <b>почти</b> закончил работу.,📊,adv
aujourd'hui,сегодня,"<b>Aujourd'hui</b>, il fait beau dehors.",<b>Сегодня</b> на улице хорошая погода.,📅,adv
celui,тот; этот (м.р.),<b>Celui</b> qui arrive est mon ami.,"<b>Тот</b>, кто приходит — мой друг.",👆,pron
combien,сколько,<b>Combien</b> ça coûte ?,<b>Сколько</b> это стоит?,🔢,adv
ceux,те; эти (м.р. мн.ч.),<b>Ceux</b> qui veulent peuvent partir.,"<b>Те</b>, кто хочет, могут уйти.",👥,pron
plutôt,скорее; лучше,Je préfère <b>plutôt</b> rester à la maison.,Я <b>лучше</b> останусь дома.,🔄,adv
ailleurs,в другом месте,Je préfère aller <b>ailleurs</b>.,Я предпочитаю пойти <b>в другое место</b>.,➡️,adv
ensemble,вместе,On travaille mieux <b>ensemble</b>.,<b>Вместе</b> мы работаем лучше.,👫,adv
parfois,иногда,"<b>Parfois</b>, je m'ennuie de mon pays.",<b>Иногда</b> я скучаю по родине.,🔄,adv
surtout,особенно; главное,"<b>Surtout</b>, n'oublie pas ton passeport !","<b>Главное</b>, не забудь паспорт!",⚠️,adv
voici,вот (ближе),<b>Voici</b> mon numéro de téléphone.,<b>Вот</b> мой номер телефона.,👆,prep
là-bas,там (далеко),Tu vois le magasin <b>là-bas</b> ?,Видишь магазин <b>там</b>?,👉,adv
celle,та; эта (ж.р.),<b>Celle</b> que j'aime est partie.,"<b>Та</b>, которую я люблю, уехала.",👆,pron
quatre,четыре,Il y a <b>quatre</b> saisons.,Есть <b>четыре</b> времени года.,4️⃣,num
autour,вокруг,Il y a beaucoup d'arbres <b>autour</b> de la maison.,<b>Вокруг</b> дома много деревьев.,🔄,adv
dès,с; начиная с,"<b>Dès</b> que possible, je t'appelle.","<b>Как только</b> возможно, я тебе позвоню.",⏰,prep
souvent,часто,Je vais <b>souvent</b> au gym.,Я <b>часто</b> хожу в спортзал.,🔁,adv
juste,справедливый; точно,C'est <b>juste</b> ce que je voulais dire.,"Это <b>именно</b> то, что я хотел сказать.",✅,adv
en,в; на (без артикля),Je vis <b>en</b> France depuis cinq ans.,Я живу <b>во</b> Франции пять лет.,🗺️,adv
fort,сильно; громко,"Parle plus <b>fort</b>, je ne t'entends pas.","Говори <b>громче</b>, я тебя не слышу.",📢,adv
autant,столько же; так же,J'aime <b>autant</b> le café que le thé.,"Я люблю кофе <b>так же</b>, как и чай.",⚖️,adv
cinq,пять,J'ai <b>cinq</b> doigts.,У меня <b>пять</b> пальцев.,5️⃣,num
hé,эй,"<b>Hé</b>, attends-moi !","<b>Эй</b>, подожди меня!",👋,interj
tellement,так; настолько,Je suis <b>tellement</b> fatigué aujourd'hui.,Я <b>так</b> устал сегодня.,📈,adv
les gens,люди,Les <b>gens</b> au Québec sont très sympathiques.,<b>Люди</b> в Квебеке очень приятные.,👥,m pl
hier,вчера,"<b>Hier</b>, j'ai passé mon examen.",<b>Вчера</b> я сдал экзамен.,📅,adv
l'un,один (из),<b>L'un</b> de vous doit venir.,<b>Один</b> из вас должен прийти.,1️⃣,pron
partout,везде; повсюду,Il y a de la neige <b>partout</b> en hiver.,Зимой <b>везде</b> снег.,🌍,adv
dix,десять,J'attends depuis <b>dix</b> minutes.,Я жду уже <b>десять</b> минут.,🔟,num
merde,чёрт! (межд.),<b>Merde</b> ! J'ai oublié mes clés.,<b>Чёрт</b>! Я забыл ключи.,🤬,interj
six,шесть,Il y a <b>six</b> jours dans la semaine de travail.,В рабочей неделе <b>шесть</b> дней.,6️⃣,num
pardon,извините; простите,"<b>Pardon</b>, je ne vous ai pas vu.","<b>Извините</b>, я вас не заметил.",🙏,interj
chacun,каждый,<b>Chacun</b> pour soi.,<b>Каждый</b> сам за себя.,👤,pron
tôt,рано,Je me lève <b>tôt</b> chaque matin.,Я встаю <b>рано</b> каждое утро.,⏰,adv
salut,привет; пока,"<b>Salut</b>, comment ça va ?","<b>Привет</b>, как дела?",👋,interj
debout,стоя; на ногах,Je suis resté <b>debout</b> toute la journée.,Я простоял весь день <b>на ногах</b>.,🧍,adv
laquelle,которая,La maison dans <b>laquelle</b> j'habite.,"Дом, в <b>котором</b> я живу.",❓,pron
doucement,тихо; медленно,"Parle <b>doucement</b>, le bébé dort.","Говори <b>тихо</b>, малыш спит.",🤫,adv
lorsque,когда (в тексте),"<b>Lorsque</b> j'étais jeune, j'habitais à Paris.","<b>Когда</b> я был молодым, я жил в Париже.",⏰,conj
près,близко; рядом,J'habite <b>près</b> du centre-ville.,Я живу <b>рядом</b> с центром.,📍,adv
parmi,среди,"<b>Parmi</b> tous les candidats, il est le meilleur.",<b>Среди</b> всех кандидатов он лучший.,👥,prep
sûrement,наверняка; точно,Il viendra <b>sûrement</b> demain.,Он <b>точно</b> придёт завтра.,✅,adv
lui-même,сам (он),Il l'a fait <b>lui-même</b>.,Он сделал это <b>сам</b>.,👤,pron
comment,как,<b>Comment</b> dit-on « car » en québécois ? — Char !,<b>Как</b> по-квебекски «машина»? — Шар!,❓,interj
simplement,просто,"<b>Simplement</b>, dis-moi la vérité.",<b>Просто</b> скажи мне правду.,✅,adv
attention,внимание (восклицание),"<b>Attention</b>, la route est glissante !","<b>Осторожно</b>, дорога скользкая!",⚠️,interj
ceci,это (вот это),<b>Ceci</b> est important.,<b>Это</b> важно.,👆,pron
sauf,кроме; за исключением,Tout le monde est venu <b>sauf</b> lui.,"Все пришли, <b>кроме</b> него.",🚫,prep
complètement,полностью; совершенно,J'ai <b>complètement</b> oublié notre rendez-vous.,Я <b>совершенно</b> забыл о нашей встрече.,💯,adv
lequel,который (м.р.),<b>Lequel</b> préfères-tu ?,<b>Который</b> ты предпочитаешь?,❓,pron
selon,согласно; по,"<b>Selon</b> la météo, il va neiger demain.","<b>Согласно</b> прогнозу, завтра будет снег.",📋,prep
moi-même,сам (я),Je l'ai fait <b>moi-même</b>.,Я сделал это <b>сам</b>.,👤,pron
mille,тысяча,J'ai <b>mille</b> euros.,У меня <b>тысяча</b> евро.,💰,num
dessus,наверху; сверху,Pose ton sac <b>dessus</b>.,Положи сумку <b>сверху</b>.,⬆️,adv
ok,окей; хорошо,C'est <b>OK</b> pour moi.,Для меня <b>окей</b>.,👌,adv
quelque,какой-то; несколько,J'ai <b>quelques</b> questions sur l'immigration.,У меня есть <b>несколько</b> вопросов об иммиграции.,🔢,adv
neuf,девять,"Il y a <b>neuf</b> planètes... pardon, huit.","Есть <b>девять</b> планет... простите, восемь.",9️⃣,num
hors,вне; за пределами,Il est <b>hors</b> de question.,Это <b>исключено</b>.,🚫,prep
cent,сто,J'ai <b>cent</b> dollars.,У меня <b>сто</b> долларов.,💯,num
vingt,двадцать,Il a <b>vingt</b> ans.,Ему <b>двадцать</b> лет.,2️⃣0️⃣,num
lentement,медленно,"Parle plus <b>lentement</b>, s'il te plaît.","Говори <b>медленнее</b>, пожалуйста.",🐢,adv
derrière,за; позади,Le parking est <b>derrière</b> le bâtiment.,Парковка <b>за</b> зданием.,⬅️,adv
huit,восемь,J'ai <b>huit</b> heures de travail.,У меня <b>восемь</b> часов работы.,8️⃣,num
plein,полно (предлог),Il y a <b>plein</b> de monde.,<b>Полно</b> народу.,📦,prep
des vacances,каникулы; отпуск,Je pars en <b>vacances</b> la semaine prochaine.,Я уезжаю в <b>отпуск</b> на следующей неделе.,🏖️,f pl
euh,э-э (междометие раздумья),"<b>Euh</b>, je ne sais pas.","<b>Э-э</b>, не знаю.",🤔,interj
sept,семь,Il y a <b>sept</b> jours dans une semaine.,В неделе <b>семь</b> дней.,7️⃣,num
celui-là,тот (вон тот),Je préfère <b>celui-là</b>.,Я предпочитаю <b>тот</b>.,👆,pron
devant,перед; впереди,Le parc est <b>devant</b> l'école.,Парк <b>перед</b> школой.,⏩,adv
celles,те (ж.р. мн.ч.),<b>Celles</b> qui veulent peuvent partir.,"<b>Те</b>, кто хочет, могут уйти.",👆,pron
dedans,внутри,Qu'est-ce qu'il y a <b>dedans</b> ?,Что там <b>внутри</b>?,📦,adv
haut,высоко; громко,Parle plus <b>haut</b> !,Говори <b>громче</b>!,⬆️,adv
l'une,одна (из),<b>L'une</b> d'elles est ma soeur.,<b>Одна</b> из них — моя сестра.,1️⃣,pron
là-haut,там наверху,L'oiseau est <b>là-haut</b> dans l'arbre.,Птица <b>там наверху</b> на дереве.,⬆️,adv
certainement,конечно; безусловно,"<b>Certainement</b>, je serai là.","<b>Конечно</b>, я буду там.",✅,adv
davantage,больше,J'aimerais en savoir <b>davantage</b>.,Я бы хотел узнать <b>больше</b>.,➕,adv
probablement,вероятно,Il viendra <b>probablement</b> demain.,Он <b>вероятно</b> придёт завтра.,🤔,adv
celui-ci,этот (вот этот),<b>Celui-ci</b> est meilleur.,<b>Этот</b> лучше.,👆,pron
elle-même,сама (она),Elle l'a fait <b>elle-même</b>.,Она сделала это <b>сама</b>.,👩,pron
parfaitement,совершенно,Je comprends <b>parfaitement</b>.,Я <b>прекрасно</b> понимаю.,✅,adv
auprès,при; возле,Je travaille <b>auprès</b> des enfants.,Я работаю <b>с</b> детьми.,👶,prep
guère,едва; почти не,Je n'ai <b>guère</b> le temps.,У меня почти нет времени.,⏰,adv
là-dedans,там внутри,Qu'est-ce qu'il y a <b>là-dedans</b> ?,Что <b>там внутри</b>?,📦,adv
un,неопределённый артикль (м.р.),J'ai <b>un</b> ami québécois.,У меня есть друг из Квебека.,📎,num
évidemment,очевидно; конечно,"<b>Évidemment</b>, tu as raison.","<b>Очевидно</b>, ты прав.",✅,adv
quinze,пятнадцать,J'ai <b>quinze</b> minutes de retard.,Я опаздываю на <b>пятнадцать</b> минут.,1️⃣5️⃣,num
point,совсем не (с ne),Je n'en veux <b>point</b>.,Я этого <b>совсем</b> не хочу.,🚫,adv
soi,себя (неопр.),Chacun pour <b>soi</b>.,Каждый за <b>себя</b>.,👤,pron
lors,во время,"<b>Lors</b> de la réunion, il a parlé.",<b>Во время</b> собрания он выступил.,📅,adv
autrement,иначе,Fais-le <b>autrement</b>.,Сделай это <b>иначе</b>.,🔄,adv
cents,сотни,Deux <b>cents</b> personnes.,<b>Двести</b> человек.,💯,num
même,даже; тот же,"<b>Même</b> en été, il peut faire frais au Québec.",<b>Даже</b> летом в Квебеке может быть прохладно.,🔄,pron
brusquement,резко; внезапно,Il s'est arrêté <b>brusquement</b>.,Он <b>резко</b> остановился.,⚡,adv
celle-ci,эта (вот эта),<b>Celle-ci</b> est plus jolie.,<b>Эта</b> красивее.,👆,pron
heureusement,к счастью,"<b>Heureusement</b>, il n'y a pas eu de blessés.","<b>К счастью</b>, обошлось без раненых.",😮‍💨,adv
environ,около; примерно,Il y a <b>environ</b> cent personnes.,Там <b>около</b> ста человек.,📊,adv
celle-là,та (вон та),<b>Celle-là</b> est meilleure.,<b>Та</b> лучше.,👆,pron
trente,тридцать,Il a <b>trente</b> ans.,Ему <b>тридцать</b> лет.,3️⃣0️⃣,num
marre,сыт по горло (разг.),J'en ai <b>marre</b> !,Мне это <b>надоело</b>!,😤,adv
naturellement,естественно; конечно,"<b>Naturellement</b>, je suis d'accord.","<b>Конечно</b>, я согласен.",👍,adv
rapidement,быстро,Viens <b>rapidement</b> !,Приходи <b>быстро</b>!,⚡,adv
chaud,горячо; жарко,Il fait <b>chaud</b> dehors.,На улице <b>жарко</b>.,🔥,adv
apparemment,по-видимому,"<b>Apparemment</b>, il est parti.","<b>По-видимому</b>, он ушёл.",🤔,adv
par-dessus,поверх,Mets un manteau <b>par-dessus</b>.,Надень пальто <b>поверх</b>.,🧥,prep
certes,конечно; разумеется,"<b>Certes</b>, tu as raison.","<b>Конечно</b>, ты прав.",✅,adv
uns,одни (неопр.),Les <b>uns</b> et les autres.,<b>Одни</b> и другие.,👥,pron
au-delà,за пределами,<b>Au-delà</b> de cette limite.,<b>За пределами</b> этой границы.,🚧,adv
pis,хуже; ещё хуже,Tant <b>pis</b> pour lui.,Тем <b>хуже</b> для него.,😔,adv
bravo,браво,<b>Bravo</b> !,<b>Браво</b>!,👏,interj
envers,по отношению к,Il est gentil <b>envers</b> moi.,Он добр <b>ко</b> мне.,🤝,prep
douze,двенадцать,Il est <b>douze</b> heures.,Сейчас <b>двенадцать</b> часов.,🕛,num
sérieusement,серьёзно,"<b>Sérieusement</b>, arrête !","<b>Серьёзно</b>, прекрати!",😤,adv
toi-même,сам (ты),Fais-le <b>toi-même</b> !,Сделай это <b>сам</b>!,👤,pron
directement,напрямую,Va <b>directement</b> chez lui.,Иди <b>прямо</b> к нему.,➡️,adv
droit,прямо,Va tout <b>droit</b>.,Иди <b>прямо</b>.,➡️,adv
là-dessus,на этом; по этому поводу,Je ne suis pas d'accord <b>là-dessus</b>.,Я не согласен <b>с этим</b>.,👆,adv
quelquefois,иногда,"<b>Quelquefois</b>, je suis triste.",<b>Иногда</b> мне грустно.,🤔,adv
grand-chose,многое; много,Il n'y a pas <b>grand-chose</b> à faire.,<b>Особо</b> нечего делать.,🤷,pron
facilement,легко,C'est <b>facilement</b> réparable.,Это <b>легко</b> починить.,👍,adv
etc,и т.д.,"Les fruits, légumes, <b>etc</b>.","Фрукты, овощи <b>и т.д.</b>",📝,adv
tantôt,то..то; позже,"<b>Tantôt</b> il rit, <b>tantôt</b> il pleure.","<b>То</b> он смеётся, <b>то</b> плачет.",🔄,adv
cinquante,пятьдесят,Il a <b>cinquante</b> ans.,Ему <b>пятьдесят</b> лет.,5️⃣0️⃣,num
légèrement,слегка,<b>Légèrement</b> blessé.,<b>Слегка</b> ранен.,👌,adv
malheureusement,к сожалению,"<b>Malheureusement</b>, c'est fermé.","<b>К сожалению</b>, закрыто.",😞,adv
cher,дорого,Ça coûte <b>cher</b>.,Это стоит <b>дорого</b>.,💰,adv
hélas,увы,"<b>Hélas</b>, c'est impossible.","<b>Увы</b>, это невозможно.",😢,interj
bas,низко; тихо,Parle plus <b>bas</b>.,Говори <b>тише</b>.,🔉,adv
auquel,которому,L'homme <b>auquel</b> je parle.,"Мужчина, <b>с которым</b> я говорю.",❓,pron
adieu,прощай,"<b>Adieu</b>, mon ami.","<b>Прощай</b>, друг.",👋,interj
vive,да здравствует,<b>Vive</b> le Québec !,Да здравствует Квебек!,🎉,interj
entièrement,полностью,C'est <b>entièrement</b> vrai.,Это <b>полностью</b> верно.,💯,adv
forcément,обязательно; неизбежно,C'est <b>forcément</b> lui.,Это <b>наверняка</b> он.,✅,adv
totalement,полностью; совершенно,Je suis <b>totalement</b> d'accord.,Я <b>полностью</b> согласен.,💯,adv
une,неопределённый артикль (ж.р.),J'ai <b>une</b> question.,У меня есть вопрос.,📎,num
longuement,долго,On en a <b>longuement</b> parlé.,Мы <b>долго</b> об этом говорили.,⏳,adv
lesquels,которые (м.р.),<b>Lesquels</b> préfères-tu ?,<b>Которые</b> ты предпочитаешь?,❓,pron
profondément,глубоко,Je suis <b>profondément</b> touché.,Я <b>глубоко</b> тронут.,❤️,adv
eux-mêmes,сами (они м.р.),Ils l'ont fait <b>eux-mêmes</b>.,Они сделали это <b>сами</b>.,👥,pron
là,там; тут,"Le supermarché est juste <b>là</b>, au coin.","Супермаркет прямо <b>там</b>, на углу.",👉,interj
lesquelles,которые (ж.р.),Les règles <b>lesquelles</b> tu dois suivre.,"Правила, <b>которые</b> ты должен соблюдать.",❓,pron
vous-même,сами (Вы),Faites-le <b>vous-même</b>.,Сделайте это <b>сами</b>.,👤,pron
jusque,до; вплоть до,"<b>Jusque</b> là, tout va bien.",<b>До сих пор</b> всё хорошо.,➡️,prep
heu,э-э; хм,<b>Heu</b>... je ne sais pas.,<b>Э-э</b>... я не знаю.,🤔,interj
vaguement,смутно,Je m'en souviens <b>vaguement</b>.,Я <b>смутно</b> помню.,🤔,adv
particulièrement,особенно,Je l'aime <b>particulièrement</b>.,Я её <b>особенно</b> люблю.,❤️,adv
demi,наполовину,Elle est <b>demi</b>-folle.,Она <b>наполовину</b> сумасшедшая.,½,adv
uniquement,исключительно,C'est <b>uniquement</b> pour toi.,Это <b>только</b> для тебя.,☝️,adv
ô,о! (возглас),<b>Ô</b> mon Dieu !,<b>О</b> боже мой!,😲,interj
hum,хм,<b>Hum</b>... intéressant.,<b>Хм</b>... интересно.,🤔,interj
quarante,сорок,Il a <b>quarante</b> ans.,Ему <b>сорок</b> лет.,4️⃣0️⃣,num
onze,одиннадцать,L'équipe a <b>onze</b> joueurs.,В команде <b>одиннадцать</b> игроков.,1️⃣1️⃣,num
chacune,каждая,<b>Chacune</b> a son style.,У <b>каждой</b> свой стиль.,👩,pron
réellement,действительно,C'est <b>réellement</b> vrai.,Это <b>действительно</b> так.,✅,adv
précisément,именно; точно,<b>Précisément</b> ce que je voulais.,"<b>Именно</b> то, что я хотел.",🎯,adv
hop,оп! хоп!,"<b>Hop</b>, on y va !","<b>Хоп</b>, поехали!",🏃,interj
rarement,редко,Je vais <b>rarement</b> au cinéma.,Я <b>редко</b> хожу в кино.,🎬,adv
chut,тсс! тихо!,"<b>Chut</b>, ne fais pas de bruit.","<b>Тсс</b>, не шуми.",🤫,interj
les cieux,небеса,Les <b>cieux</b> sont bleus.,<b>Небеса</b> голубые.,🌤️,m pl
allo,алло,"<b>Allô</b>, c'est moi.","<b>Алло</b>, это я.",📞,interj
ceux-là,те (вон те),<b>Ceux-là</b> sont meilleurs.,<b>Те</b> лучше.,👆,pron
suffisamment,достаточно,C'est <b>suffisamment</b> clair.,Это <b>достаточно</b> ясно.,✅,adv
tranquillement,спокойно,Il dort <b>tranquillement</b>.,Он <b>спокойно</b> спит.,😴,adv
récemment,недавно,J'ai <b>récemment</b> appris ça.,Я <b>недавно</b> это узнал.,🕐,adv
clairement,ясно,C'est <b>clairement</b> faux.,Это <b>явно</b> неправда.,💡,adv
bah,ну; да ладно,"<b>Bah</b>, ce n'est pas grave.","<b>Ну</b>, это не страшно.",🤷,interj
dehors,снаружи; на улице,"Il fait froid <b>dehors</b>, mets ton manteau.","На <b>улице</b> холодно, надень пальто.",🌲,interj
lourd,тяжело; сильно,Ça pèse <b>lourd</b>.,Это <b>весит много</b>.,⚖️,adv
la plupart,большинство,<b>La plupart</b> des gens sont gentils.,<b>Большинство</b> людей добрые.,👥,pron
dommage,жаль (межд.),C'est <b>dommage</b> !,<b>Жаль</b>!,😔,interj
petit,маленький,C'est <b>petit</b>.,Это <b>маленькое</b>.,🐜,adv
quiconque,кто бы ни; любой,<b>Quiconque</b> peut entrer.,<b>Любой</b> может войти.,👥,pron
seize,шестнадцать,Il a <b>seize</b> ans.,Ему <b>шестнадцать</b> лет.,1️⃣6️⃣,num
normalement,обычно,"<b>Normalement</b>, je me lève tôt.",<b>Обычно</b> я встаю рано.,⏰,adv
beau,напрасно; сколько ни,"J'ai <b>beau</b> essayer, ça ne marche pas.","<b>Сколько ни</b> пытаюсь, не получается.",🤷,adv
jusque-là,до сих пор,"<b>Jusque-là</b>, tout va bien.",<b>До сих пор</b> всё хорошо.,📍,adv
drôlement,ужасно (разг.); смешно,C'est <b>drôlement</b> bien.,Это <b>ужасно</b> хорошо.,😄,adv
mêmes,те же самые,Les <b>mêmes</b> personnes.,<b>Те же</b> люди.,👥,pron
ha,ха! а!,"<b>Ha</b>, je t'ai eu !","<b>Ха</b>, попался!",😆,interj
soigneusement,тщательно,<b>Soigneusement</b> préparé.,<b>Тщательно</b> подготовлено.,✅,adv
pratiquement,практически,C'est <b>pratiquement</b> fait.,Это <b>практически</b> готово.,✅,adv
extrêmement,крайне,C'est <b>extrêmement</b> rare.,Это <b>крайне</b> редко.,❗,adv
gentiment,мило,Il a <b>gentiment</b> refusé.,Он <b>мягко</b> отказался.,😊,adv
vivement,живо; очень,<b>Vivement</b> les vacances !,<b>Скорей бы</b> каникулы!,🏖️,adv
dix-huit,восемнадцать,Elle a <b>dix-huit</b> ans.,Ей <b>восемнадцать</b> лет.,1️⃣8️⃣,num
définitivement,окончательно,C'est <b>définitivement</b> fini.,Это <b>окончательно</b> кончено.,✅,adv
bye,пока (англ.),"<b>Bye</b>, à plus !","<b>Пока</b>, до скорого!",👋,interj
décidément,определённо,"<b>Décidément</b>, tu as raison.","<b>Определённо</b>, ты прав.",💡,adv
régulièrement,регулярно,Je m'entraîne <b>régulièrement</b>.,Я <b>регулярно</b> тренируюсь.,📅,adv
moitié,наполовину,La bouteille est <b>moitié</b> pleine.,Бутылка <b>наполовину</b> полная.,½,adv
aïe,ай! ой!,"<b>Aïe</b>, ça fait mal !","<b>Ай</b>, больно!",😣,interj
largement,широко; намного,<b>Largement</b> suffisant.,<b>Более чем</b> достаточно.,✅,adv
vachement,очень (разг.),C'est <b>vachement</b> bien.,Это <b>очень</b> хорошо.,👍,adv
soi-même,самому себе,Il faut le faire <b>soi-même</b>.,Нужно сделать <b>самому</b>.,👤,pron
ho,эй! о!,"<b>Ho</b>, attends-moi !","<b>Эй</b>, подожди!",📢,interj
qu,что (перед гласной),Je sais <b>qu'</b>il viendra.,"Я знаю, <b>что</b> он придёт.",📎,conj
quelques-uns,некоторые (м.р.),<b>Quelques-uns</b> sont restés.,<b>Некоторые</b> остались.,👥,pron
visiblement,видимо,"<b>Visiblement</b>, il est fâché.","<b>Видимо</b>, он сердит.",👀,adv
dessous,снизу; внизу,Regarde <b>dessous</b>.,Посмотри <b>снизу</b>.,⬇️,adv
concernant,относительно,<b>Concernant</b> ton problème...,<b>Относительно</b> твоей проблемы...,📌,prep
duquel,которого (предл.),L'homme <b>duquel</b> je parle.,"Мужчина, <b>о котором</b> я говорю.",❓,pron
sincèrement,искренне,"<b>Sincèrement</b>, je ne sais pas.","<b>Честно</b>, я не знаю.",🤷,adv
nous-mêmes,сами (мы),Nous l'avons fait <b>nous-mêmes</b>.,Мы сделали это <b>сами</b>.,👥,pron
infiniment,бесконечно,<b>Infiniment</b> reconnaissant.,<b>Бесконечно</b> благодарен.,♾️,adv
terriblement,ужасно,<b>Terriblement</b> fatigué.,<b>Ужасно</b> устал.,😫,adv
quatorze,четырнадцать,Il a <b>quatorze</b> ans.,Ему <b>четырнадцать</b> лет.,1️⃣4️⃣,num
amen,аминь,<b>Amen</b> à cela !,<b>Аминь</b>!,🙏,interj
carrément,напрямик (разг.),<b>Carrément</b> incroyable.,<b>Просто</b> невероятно.,😮,adv
treize,тринадцать,Vendredi <b>treize</b>.,Пятница <b>тринадцатое</b>.,1️⃣3️⃣,num
auxquels,которым (м.р.),Les gens <b>auxquels</b> je pense.,"Люди, <b>о которых</b> я думаю.",❓,pron
court,коротко,Couper <b>court</b>.,<b>Прервать</b>.,✂️,adv
gravement,серьёзно,Il est <b>gravement</b> blessé.,Он <b>серьёзно</b> ранен.,🏥,adv
spécialement,специально,<b>Spécialement</b> pour toi.,<b>Специально</b> для тебя.,🎁,adv
au-dessous,ниже; внизу,Il habite <b>au-dessous</b>.,Он живёт <b>ниже</b>.,⬇️,adv
soixante,шестьдесят,Il a <b>soixante</b> ans.,Ему <b>шестьдесят</b> лет.,6️⃣0️⃣,num
généralement,обычно,"<b>Généralement</b>, je me lève tôt.",<b>Обычно</b> я встаю рано.,⏰,adv
les ténèbres,тьма; мрак,Les <b>ténèbres</b> de la nuit.,<b>Тьма</b> ночи.,🌑,f pl
discrètement,незаметно,Il est parti <b>discrètement</b>.,Он <b>незаметно</b> ушёл.,🤫,adv
voire,даже,"Difficile, <b>voire</b> impossible.","Сложно, <b>даже</b> невозможно.",😮,adv
constamment,постоянно,Il pleut <b>constamment</b>.,Дождь идёт <b>постоянно</b>.,🌧️,adv
zut,чёрт! блин!,"<b>Zut</b>, j'ai oublié mes clés !","<b>Чёрт</b>, я забыл ключи!",😤,interj
auxquelles,которым (ж.р.),Les femmes <b>auxquelles</b> je pense.,"Женщины, <b>о которых</b> я думаю.",❓,pron
brutalement,грубо,Il m'a repoussé <b>brutalement</b>.,Он <b>грубо</b> меня оттолкнул.,😠,adv
ceux-ci,эти (вот эти м.р.),<b>Ceux-ci</b> sont meilleurs.,<b>Эти</b> лучше.,👆,pron
énormément,огромно,<b>Énormément</b> de travail.,<b>Огромное</b> количество работы.,📚,adv
les moeurs,нравы; обычаи,Les <b>moeurs</b> changent.,<b>Нравы</b> меняются.,📜,f pl
ciao,чао; пока,"<b>Ciao</b>, à demain !","<b>Чао</b>, до завтра!",👋,interj
les funérailles,похороны,Les <b>funérailles</b> ont eu lieu.,<b>Похороны</b> состоялись.,⚰️,f pl
naguère,некогда,"<b>Naguère</b>, il était roi.",<b>Некогда</b> он был королём.,👑,adv
halte,стой! привал!,<b>Halte</b>-là !,<b>Стой</b>!,🛑,interj
net,чисто; резко,Couper <b>net</b>.,<b>Резко</b> оборвать.,✂️,adv
dix-sept,семнадцать,Il a <b>dix-sept</b> ans.,Ему <b>семнадцать</b> лет.,1️⃣7️⃣,num
nettement,отчётливо,<b>Nettement</b> meilleur.,<b>Значительно</b> лучше.,📈,adv
violemment,яростно,Réagir <b>violemment</b>.,Реагировать <b>яростно</b>.,😤,adv
mince,тонкий; стройный,Elle est très <b>mince</b>.,Она очень <b>стройная</b>.,👩,interj
unes,одни (неопр. ж.р.),Les <b>unes</b> et les autres.,<b>Одни</b> и другие.,👩‍👩‍👧,pron
sitôt,тотчас,"<b>Sitôt</b> dit, sitôt fait.",Сказано — <b>сделано</b>.,⚡,adv
après-demain,послезавтра,On se voit <b>après-demain</b>.,Увидимся <b>послезавтра</b>.,📅,adv
attentivement,внимательно,Écoute <b>attentivement</b>.,Слушай <b>внимательно</b>.,👂,adv
contrairement,вопреки,<b>Contrairement</b> à toi.,<b>Вопреки</b> тебе.,↔️,adv
les maths,математика (разг.),Je suis nul en <b>maths</b>.,Я плох в <b>математике</b>.,🔢,f pl
machinalement,машинально,Répondre <b>machinalement</b>.,Отвечать <b>машинально</b>.,🤖,adv
soit,пусть; или; будь,"<b>Soit</b> tu viens, <b>soit</b> tu restes.","<b>Либо</b> ты идёшь, <b>либо</b> остаёшься.",🔀,adv
librement,свободно,Parler <b>librement</b>.,Говорить <b>свободно</b>.,🗣️,adv
proprement,собственно; чисто,<b>Proprement</b> dit.,<b>Собственно</b> говоря.,📌,adv
officiellement,официально,<b>Officiellement</b> annoncé.,<b>Официально</b> объявлено.,📢,adv
calmement,спокойно,Parler <b>calmement</b>.,Говорить <b>спокойно</b>.,😌,adv
bizarrement,странно,"<b>Bizarrement</b>, il est parti.","<b>Странно</b>, он ушёл.",🤨,adv
près de,около; почти,<b>Près de</b> cent personnes.,<b>Около</b> ста человек.,📍,adv
autrui,другие (люди),Respecter <b>autrui</b>.,Уважать <b>других</b>.,👥,pron
subitement,внезапно,"<b>Subitement</b>, il est parti.",<b>Внезапно</b> он ушёл.,⚡,adv
fortement,сильно,<b>Fortement</b> recommandé.,<b>Настоятельно</b> рекомендуется.,💪,adv
correctement,правильно,Répondre <b>correctement</b>.,Ответить <b>правильно</b>.,✅,adv
les grands-parents,бабушки и дедушки,Mes <b>grands-parents</b> habitent à la campagne.,Мои <b>бабушка и дедушка</b> живут в деревне.,👴👵,m pl
éternellement,вечно,Attendre <b>éternellement</b>.,Ждать <b>вечно</b>.,⏳,adv
physiquement,физически,<b>Physiquement</b> épuisé.,<b>Физически</b> истощён.,😫,adv
quasi,почти,<b>Quasi</b> impossible.,<b>Почти</b> невозможно.,🤏,adv
yeah,да! ура!,"<b>Yeah</b>, on a gagné !","<b>Да</b>, мы победили!",🎉,interj
les entrailles,внутренности,Les <b>entrailles</b> de la terre.,<b>Недра</b> земли.,🌍,f pl
étrangement,странно,<b>Étrangement</b> silencieux.,<b>Странно</b> тихо.,🤨,adv
gaiement,весело,Chanter <b>gaiement</b>.,Петь <b>весело</b>.,🎵,adv
déjà,уже,Tu as <b>déjà</b> visité le Vieux-Québec ?,Ты <b>уже</b> был в Старом Квебеке?,✅,interj
vis-à-vis,по отношению к,<b>Vis-à-vis</b> de la loi.,<b>По отношению</b> к закону.,↔️,prep
suivant,согласно; в зависимости,<b>Suivant</b> les circonstances.,<b>В зависимости</b> от обстоятельств.,📊,prep
précédemment,ранее,Comme dit <b>précédemment</b>.,Как сказано <b>ранее</b>.,⏮️,adv
celles-ci,эти (вот эти ж.р.),<b>Celles-ci</b> sont jolies.,<b>Эти</b> красивые.,👆,pron
gare,берегись!,<b>Gare</b> à toi !,<b>Берегись</b>!,⚠️,interj
ci,здесь; вот,<b>Ci</b>-joint le document.,<b>Прилагается</b> документ.,📎,adv
littéralement,буквально,<b>Littéralement</b> mort de fatigue.,<b>Буквально</b> умираю от усталости.,📖,adv
avant-hier,позавчера,"<b>Avant-hier</b>, j'étais malade.",<b>Позавчера</b> я болел.,📅,adv
silencieusement,молча,Partir <b>silencieusement</b>.,Уйти <b>молча</b>.,🤫,adv
difficilement,трудно,<b>Difficilement</b> accessible.,<b>Труднодоступный</b>.,🧗,adv
delà,по ту сторону,Par-<b>delà</b> les montagnes.,<b>За</b> горами.,🏔️,adv
hou,у-у! бу!,"<b>Hou</b>, c'est nul !","<b>Бу</b>, это отстой!",👎,interj
dernièrement,недавно,"<b>Dernièrement</b>, j'ai voyagé.",<b>Недавно</b> я путешествовал.,📅,adv
elles-mêmes,сами (они ж.р.),Elles l'ont fait <b>elles-mêmes</b>.,Они сделали это <b>сами</b>.,👩‍👩‍👧,pron
bêtement,глупо,Répondre <b>bêtement</b>.,Глупо <b>ответить</b>.,🤦,adv
quasiment,почти,<b>Quasiment</b> terminé.,<b>Почти</b> закончено.,✅,adv
tendrement,нежно,Regarder <b>tendrement</b>.,Смотреть <b>нежно</b>.,😍,adv
durement,жёстко,Travailler <b>durement</b>.,Работать <b>усердно</b>.,💪,adv
faiblement,слабо,<b>Faiblement</b> éclairé.,<b>Слабо</b> освещённый.,💡,adv
secrètement,тайно,Agir <b>secrètement</b>.,Действовать <b>тайно</b>.,🤫,adv
grand,широко; крупно,Ouvrir <b>grand</b> les yeux.,<b>Широко</b> открыть глаза.,👀,adv
hello,привет (англ.),"<b>Hello</b>, comment ça va ?","<b>Привет</b>, как дела?",👋,interj
lourdement,тяжело,Marcher <b>lourdement</b>.,Идти <b>тяжело</b>.,🚶,adv
désespérément,отчаянно,<b>Désespérément</b> amoureux.,<b>Отчаянно</b> влюблён.,💔,adv
différemment,по-разному,Penser <b>différemment</b>.,Думать <b>по-разному</b>.,🤔,adv
doux,тихо; мягко,Tout <b>doux</b> !,<b>Тихо</b>!,🤫,adv
nullement,никоим образом,<b>Nullement</b> satisfait.,<b>Никоим образом</b> не удовлетворён.,❌,adv
soudainement,внезапно,"<b>Soudainement</b>, il partit.",<b>Внезапно</b> он ушёл.,⚡,adv
curieusement,любопытно,"<b>Curieusement</b>, il accepta.","<b>Любопытно</b>, он согласился.",🤔,adv
aisément,легко,Comprendre <b>aisément</b>.,<b>Легко</b> понять.,👌,adv
manifestement,очевидно,"<b>Manifestement</b>, il ment.","<b>Очевидно</b>, он лжёт.",🤔,adv
relativement,относительно,C'est <b>relativement</b> simple.,Это <b>относительно</b> просто.,📊,adv
strictement,строго,<b>Strictement</b> interdit.,<b>Строго</b> запрещено.,🚫,adv
purement,чисто,<b>Purement</b> et simplement.,Просто-<b>напросто</b>.,✨,adv
da,да (рус.),"<b>Da</b>, c'est russe.","<b>Да</b>, это по-русски.",🇷🇺,interj
ouah,вау! ого!,"<b>Ouah</b>, c'est génial !","<b>Вау</b>, это круто!",😮,interj
via,через,Voyager <b>via</b> Paris.,Путешествовать <b>через</b> Париж.,🛫,prep
assurément,несомненно,"<b>Assurément</b>, c'est vrai.","<b>Несомненно</b>, это правда.",✅,adv
là-dessous,под этим,Qu'est-ce qu'il y a <b>là-dessous</b> ?,Что <b>под этим</b> скрывается?,🔍,adv
poliment,вежливо,Répondre <b>poliment</b>.,Ответить <b>вежливо</b>.,🙂,adv
celles-là,те (вон те ж.р.),<b>Celles-là</b> sont belles.,<b>Те</b> красивые.,👆,pron
volontairement,намеренно,Agir <b>volontairement</b>.,Действовать <b>намеренно</b>.,🎯,adv
revoilà,вот снова,<b>Revoilà</b> le printemps !,<b>Вот снова</b> весна!,🌸,prep
indéfiniment,бесконечно,Attendre <b>indéfiniment</b>.,Ждать <b>бесконечно</b>.,⏳,adv
tristement,грустно,Sourire <b>tristement</b>.,<b>Грустно</b> улыбаться.,😔,adv
prudemment,осторожно,Avancer <b>prudemment</b>.,Продвигаться <b>осторожно</b>.,🚶,adv
fermement,твёрдо,Refuser <b>fermement</b>.,<b>Твёрдо</b> отказать.,✊,adv
ouf,уф,"<b>Ouf</b>, c'était juste !","<b>Уф</b>, еле успел!",😮‍💨,interj
patiemment,терпеливо,Attendre <b>patiemment</b>.,<b>Терпеливо</b> ждать.,⏳,adv
par-ci,тут и там,"<b>Par-ci</b>, par-là.",<b>Тут и там</b>.,📍,adv
quelques-unes,некоторые (ж.р.),<b>Quelques-unes</b> sont parties.,<b>Некоторые</b> ушли.,👩‍👩‍👧,pron
habituellement,обычно,"<b>Habituellement</b>, je me lève tôt.",<b>Обычно</b> я встаю рано.,⏰,adv
dix-neuf,девятнадцать,Il a <b>dix-neuf</b> ans.,Ему <b>девятнадцать</b> лет.,1️⃣9️⃣,num
rudement,грубо,Parler <b>rudement</b>.,Говорить <b>грубо</b>.,😤,adv
distraitement,рассеянно,Répondre <b>distraitement</b>.,Отвечать <b>рассеянно</b>.,🤔,adv
les confins,пределы; границы,Aux <b>confins</b> du monde.,На <b>краю</b> света.,🌍,m pl
exclusivement,исключительно,<b>Exclusivement</b> pour vous.,<b>Исключительно</b> для вас.,⭐,adv
étroitement,тесно,Collaborer <b>étroitement</b>.,<b>Тесно</b> сотрудничать.,🤝,adv
successivement,последовательно,<b>Successivement</b> mariée.,<b>Последовательно</b> замужем.,➡️,adv
sagement,благоразумно,Agir <b>sagement</b>.,Действовать <b>благоразумно</b>.,🧠,adv
mentalement,мысленно,Se préparer <b>mentalement</b>.,<b>Мысленно</b> подготовиться.,🧠,adv
pleinement,в полной мере,<b>Pleinement</b> satisfait.,<b>Полностью</b> удовлетворён.,✅,adv
vainement,тщетно,Essayer <b>vainement</b>.,<b>Тщетно</b> пытаться.,😔,adv
incroyablement,невероятно,<b>Incroyablement</b> beau.,<b>Невероятно</b> красивый.,🤩,adv
au-dehors,снаружи,Rester <b>au-dehors</b>.,Оставаться <b>снаружи</b>.,🚪,adv
follement,безумно,<b>Follement</b> amoureux.,<b>Безумно</b> влюблён.,❤️,adv
pareil,так же; одинаково,Faire <b>pareil</b>.,Сделать <b>так же</b>.,🟰,adv
nécessairement,обязательно,<b>Nécessairement</b> vrai.,<b>Обязательно</b> правда.,✅,adv
délicatement,деликатно,Toucher <b>délicatement</b>.,<b>Деликатно</b> трогать.,🤲,adv
au-devant,навстречу,Aller <b>au-devant</b> de quelqu'un.,Идти <b>навстречу</b> кому-то.,🚶,adv
merveilleusement,чудесно,<b>Merveilleusement</b> bien.,<b>Чудесно</b> хорошо.,✨,adv
gratuitement,бесплатно,Entrer <b>gratuitement</b>.,Войти <b>бесплатно</b>.,🆓,adv
excepté,за исключением,Tous <b>excepté</b> lui.,"Все, <b>кроме</b> него.",❌,prep
paisiblement,мирно,Dormir <b>paisiblement</b>.,<b>Мирно</b> спать.,😴,adv
péniblement,с трудом,Avancer <b>péniblement</b>.,<b>С трудом</b> продвигаться.,😓,adv
sèchement,сухо,Répondre <b>sèchement</b>.,Ответить <b>сухо</b>.,😐,adv
mollement,вяло,Répondre <b>mollement</b>.,Ответить <b>вяло</b>.,😐,adv
alias,по прозвищу,"Jean, <b>alias</b> Le Renard.","Жан, <b>по прозвищу</b> Лис.",📛,adv
exprès,нарочно,Faire <b>exprès</b>.,Делать <b>нарочно</b>.,😏,adv
hautement,весьма,<b>Hautement</b> qualifié.,<b>Весьма</b> квалифицированный.,⭐,adv
bruyamment,шумно,Parler <b>bruyamment</b>.,Говорить <b>шумно</b>.,📢,adv
outre,кроме,<b>Outre</b> cela.,<b>Кроме</b> того.,➕,adv
raide,жёсткий; крутой,La pente est <b>raide</b>.,Склон <b>крутой</b>.,⛷️,adv
fixement,пристально,Regarder <b>fixement</b>.,Смотреть <b>пристально</b>.,👁️,adv
instinctivement,инстинктивно,Agir <b>instinctivement</b>.,Действовать <b>инстинктивно</b>.,🧠,adv
précipitamment,поспешно,Partir <b>précipitamment</b>.,Уйти <b>поспешно</b>.,🏃,adv
cash,наличными,Payer <b>cash</b>.,Платить <b>наличными</b>.,💵,adv
principalement,главным образом,<b>Principalement</b> en été.,<b>Главным образом</b> летом.,📊,adv
passionnément,страстно,Aimer <b>passionnément</b>.,<b>Страстно</b> любить.,❤️‍🔥,adv
timidement,робко,Répondre <b>timidement</b>.,<b>Робко</b> отвечать.,😊,adv
alentour,вокруг,Les villages <b>alentour</b>.,Окрестные <b>деревни</b>.,🏘️,adv
desquels,которых (м.р.),Les gens <b>desquels</b> je parle.,"Люди, <b>о которых</b> я говорю.",❓,pron
publiquement,публично,Déclarer <b>publiquement</b>.,Заявить <b>публично</b>.,📢,adv
solidement,крепко,Attaché <b>solidement</b>.,<b>Крепко</b> привязанный.,💪,adv
sacrément,чертовски,<b>Sacrément</b> difficile.,<b>Чертовски</b> трудно.,😤,adv
hi,хи (смех),"<b>Hi hi hi</b>, c'est drôle !","<b>Хи-хи-хи</b>, смешно!",😂,interj
joyeusement,радостно,Chanter <b>joyeusement</b>.,Петь <b>радостно</b>.,🎵,adv
par-delà,за пределами; по ту сторону,<b>Par-delà</b> les frontières.,<b>За пределами</b> границ.,🌍,prep
obstinément,упорно; настойчиво,Refuser <b>obstinément</b>.,<b>Упорно</b> отказываться.,😤,adv
out,в ауте; вышедший,Il est <b>out</b>.,Он <b>в ауте</b>.,🚫,adv
hyper,супер; очень,C'est <b>hyper</b> bien !,Это <b>супер</b> хорошо!,🔥,adv
cruellement,жестоко,Traiter <b>cruellement</b>.,Обращаться <b>жестоко</b>.,😢,adv
instantanément,мгновенно,Réagir <b>instantanément</b>.,Реагировать <b>мгновенно</b>.,⚡,adv
ouvertement,открыто,Parler <b>ouvertement</b>.,Говорить <b>открыто</b>.,🗣️,adv
desquelles,которых (ж.р.),Les femmes <b>desquelles</b> je parle.,"Женщины, <b>о которых</b> я говорю.",❓,pron
hormis,кроме,Tous <b>hormis</b> lui.,Все <b>кроме</b> него.,➖,prep
insensiblement,незаметно,Changer <b>insensiblement</b>.,<b>Незаметно</b> меняться.,🔍,adv
soixante-dix,семьдесят,Il a <b>soixante-dix</b> ans.,Ему <b>семьдесят</b> лет.,7️⃣0️⃣,num
froidement,холодно,Répondre <b>froidement</b>.,Ответить <b>холодно</b>.,❄️,adv
illico,тотчас,Viens <b>illico</b> !,Приходи <b>тотчас</b>!,⚡,adv
affreusement,ужасно,<b>Affreusement</b> mal.,<b>Ужасно</b> плохо.,😫,adv
d'emblée,сразу,Accepter <b>d'emblée</b>.,Согласиться <b>сразу</b>.,✅,adv
moralement,морально,<b>Moralement</b> acceptable.,<b>Морально</b> приемлемо.,👼,adv
techniquement,технически,<b>Techniquement</b> possible.,<b>Технически</b> возможно.,⚙️,adv
inlassablement,неутомимо,Travailler <b>inlassablement</b>.,<b>Неутомимо</b> работать.,💪,adv
mollo,потихоньку,Vas-y <b>mollo</b> !,Иди <b>потихоньку</b>!,🐢,adv
délibérément,намеренно,Agir <b>délibérément</b>.,Действовать <b>намеренно</b>.,🎯,adv
spontanément,спонтанно,Réagir <b>spontanément</b>.,Реагировать <b>спонтанно</b>.,⚡,adv
provisoirement,временно,Habiter <b>provisoirement</b> ici.,<b>Временно</b> жить здесь.,⏰,adv
fraîchement,свежо,<b>Fraîchement</b> repeint.,<b>Свежеокрашенный</b>.,🎨,adv
confusément,смутно,Se rappeler <b>confusément</b>.,<b>Смутно</b> помнить.,🤔,adv
premièrement,во-первых,"<b>Premièrement</b>, écoutez-moi.","<b>Во-первых</b>, послушайте меня.",1️⃣,adv
maladroitement,неуклюже,Agir <b>maladroitement</b>.,Действовать <b>неуклюже</b>.,🙃,adv
fréquemment,часто,Voyager <b>fréquemment</b>.,<b>Часто</b> путешествовать.,✈️,adv
imperceptiblement,незаметно,Bouger <b>imperceptiblement</b>.,<b>Незаметно</b> двигаться.,🤫,adv
boum,бум,<b>Boum</b> ! Ça a explosé.,<b>Бум</b>! Взорвалось.,💥,interj
bof,так себе,C'était <b>bof</b>.,Было <b>так себе</b>.,😐,interj
intensément,интенсивно,Regarder <b>intensément</b>.,<b>Пристально</b> смотреть.,👁️,adv
fièrement,гордо,Marcher <b>fièrement</b>.,<b>Гордо</b> шагать.,👑,adv
séparément,раздельно,Vivre <b>séparément</b>.,Жить <b>раздельно</b>.,↔️,adv
sévèrement,сурово,Punir <b>sévèrement</b>.,<b>Сурово</b> наказать.,⚖️,adv
gratis,бесплатно,C'est <b>gratis</b>.,Это <b>бесплатно</b>.,🆓,adv
mutuellement,взаимно,S'aider <b>mutuellement</b>.,Помогать <b>взаимно</b>.,🤝,adv
ouste,вон,<b>Ouste</b> ! Sortez !,<b>Вон</b>! Выходите!,🚪,interj
à tâtons,ощупью,Avancer <b>à tâtons</b>.,Продвигаться <b>ощупью</b>.,👆,adv
légalement,законно,Agir <b>légalement</b>.,Действовать <b>законно</b>.,⚖️,adv
svp,пожалуйста (сокр.),Répondez <b>SVP</b>.,"Ответьте, <b>пожалуйста</b>.",🙏,adv
quatre-vingts,восемьдесят,Il a <b>quatre-vingts</b> ans.,Ему <b>восемьдесят</b> лет.,8️⃣0️⃣,num
éventuellement,возможно,"<b>Éventuellement</b>, on verra.","<b>Возможно</b>, посмотрим.",🤔,adv
ouh,ух,<b>Ouh</b> là là !,<b>Ух</b> ты!,😯,interj
méchamment,злобно,Répondre <b>méchamment</b>.,Ответить <b>злобно</b>.,😠,adv
salement,грязно,Jouer <b>salement</b>.,Играть <b>грязно</b>.,😤,adv
par-derrière,сзади,Attaquer <b>par-derrière</b>.,Атаковать <b>сзади</b>.,⬅️,prep
horriblement,ужасающе,<b>Horriblement</b> froid.,<b>Ужасающе</b> холодно.,🥶,adv
na,на! вот тебе!,"<b>Na</b>, prends ça !","<b>На</b>, получи!",😤,interj
diable,чёрт,<b>Diable</b> ! Que faire ?,<b>Чёрт</b>! Что делать?,😈,interj
inconsciemment,неосознанно,Agir <b>inconsciemment</b>.,Действовать <b>неосознанно</b>.,🧠,adv
mystérieusement,таинственно,Disparaître <b>mystérieusement</b>.,<b>Таинственно</b> исчезнуть.,🔮,adv
convenablement,подобающе,Se comporter <b>convenablement</b>.,Вести себя <b>подобающе</b>.,✅,adv
extraordinairement,необычайно,<b>Extraordinairement</b> doué.,<b>Необычайно</b> одарённый.,⭐,adv
ohé,эй,<b>Ohé</b> ! Quelqu'un ?,<b>Эй</b>! Есть кто?,📢,interj
brièvement,кратко,Répondre <b>brièvement</b>.,Ответить <b>кратко</b>.,📝,adv
dangereusement,опасно,<b>Dangereusement</b> proche.,<b>Опасно</b> близко.,⚠️,adv
essentiellement,по существу,<b>Essentiellement</b> correct.,<b>По существу</b> верно.,✅,adv
distinctement,отчётливо,Parler <b>distinctement</b>.,Говорить <b>отчётливо</b>.,🗣️,adv
ici-bas,здесь на земле,La vie <b>ici-bas</b>.,Жизнь <b>здесь на земле</b>.,🌍,adv
alerte,бодрый,Un esprit <b>alerte</b>.,<b>Бодрый</b> ум.,🧠,interj
holà,эй-эй,"<b>Holà</b>, du calme !","<b>Эй-эй</b>, спокойно!",✋,interj
véritablement,по-настоящему,<b>Véritablement</b> impressionnant.,<b>По-настоящему</b> впечатляюще.,✨,adv
faussement,ложно,<b>Faussement</b> accusé.,<b>Ложно</b> обвинённый.,😔,adv
conformément,согласно,<b>Conformément</b> à la loi.,<b>Согласно</b> закону.,📜,adv
solennellement,торжественно,Jurer <b>solennellement</b>.,<b>Торжественно</b> клясться.,🎭,adv
singulièrement,особенно,<b>Singulièrement</b> beau.,<b>Особенно</b> красив.,✨,adv
joliment,мило,<b>Joliment</b> décoré.,<b>Мило</b> украшено.,🎀,adv
furieusement,яростно; страшно,<b>Furieusement</b> en colère.,<b>Страшно</b> злой.,😤,adv
hourra,ура,<b>Hourra</b> ! On a gagné !,<b>Ура</b>! Мы победили!,🎉,interj
parce qu,потому что (перед гласной),<b>Parce qu'</b>il pleut.,<b>Потому что</b> идёт дождь.,🌧️,conj
à l'improviste,врасплох,Arriver <b>à l'improviste</b>.,Приехать <b>врасплох</b>.,😮,adv
posément,спокойно,Parler <b>posément</b>.,Говорить <b>спокойно</b>.,😌,adv
négligemment,небрежно,Jeter <b>négligemment</b>.,<b>Небрежно</b> бросить.,🤷,adv
franco,прямо,Parler <b>franco</b>.,Говорить <b>прямо</b>.,💬,adv
sauvagement,дико,Attaquer <b>sauvagement</b>.,<b>Дико</b> атаковать.,🐺,adv
primo,во-первых,"<b>Primo</b>, écoutez-moi.","<b>Во-первых</b>, послушайте.",1️⃣,adv
pêle-mêle,вперемешку,Tout <b>pêle-mêle</b>.,Всё <b>вперемешку</b>.,🔀,adv
rebours,наоборот; против,À <b>rebours</b> du courant.,<b>Против</b> течения.,↩️,adv
vous-mêmes,сами (вы),Faites-le <b>vous-mêmes</b>.,Сделайте это <b>сами</b>.,👥,pron
intérieurement,внутренне,Souffrir <b>intérieurement</b>.,Страдать <b>внутренне</b>.,💔,adv
nerveusement,нервно,Rire <b>nerveusement</b>.,<b>Нервно</b> смеяться.,😬,adv
hip,гип! ура!,<b>Hip hip hip</b> hourra !,<b>Гип-гип</b> ура!,🎉,interj
sexuellement,сексуально,Transmis <b>sexuellement</b>.,Передающийся <b>половым путём</b>.,🏥,adv
automatiquement,автоматически,Cela se fait <b>automatiquement</b>.,Это делается <b>автоматически</b>.,⚙️,adv
vraisemblablement,вероятно,Il viendra <b>vraisemblablement</b>.,Он <b>вероятно</b> придёт.,🤔,adv
deuxièmement,во-вторых,"<b>Deuxièmement</b>, écoutez.","<b>Во-вторых</b>, слушайте.",2️⃣,adv
simultanément,одновременно,Agir <b>simultanément</b>.,Действовать <b>одновременно</b>.,⏱️,adv
finement,тонко,Trancher <b>finement</b>.,<b>Тонко</b> нарезать.,🔪,adv
inutilement,напрасно,Attendre <b>inutilement</b>.,Ждать <b>напрасно</b>.,😔,adv
aucunement,никоим образом,<b>Aucunement</b> responsable.,<b>Никоим образом</b> не виноват.,🚫,adv
continuellement,непрерывно,Travailler <b>continuellement</b>.,Работать <b>непрерывно</b>.,🔄,adv
ardemment,пылко; страстно,Désirer <b>ardemment</b>.,<b>Страстно</b> желать.,🔥,adv
généreusement,щедро,Donner <b>généreusement</b>.,<b>Щедро</b> давать.,💰,adv
éperdument,безумно; страстно,Aimer <b>éperdument</b>.,Любить <b>безумно</b>.,💕,adv
aux aguets,настороже,Être <b>aux aguets</b>.,Быть <b>настороже</b>.,👀,adv
chouette,классный (разг.),C'est <b>chouette</b> !,Это <b>классно</b>!,🦉,interj
momentanément,на мгновение,<b>Momentanément</b> absent.,<b>На мгновение</b> отсутствует.,⏱️,adv
pan,бах,<b>Pan</b> ! Un coup de feu.,<b>Бах</b>! Выстрел.,💥,interj
douloureusement,болезненно,<b>Douloureusement</b> conscient.,<b>Болезненно</b> осознавая.,😣,adv
humblement,смиренно,Demander <b>humblement</b> pardon.,<b>Смиренно</b> просить прощения.,🙏,adv
obscurément,смутно,<b>Obscurément</b> conscient.,<b>Смутно</b> осознавая.,🤔,adv
politiquement,политически,<b>Politiquement</b> correct.,<b>Политически</b> корректно.,🏛️,adv
ding,дзинь,<b>Ding</b> ! La cloche sonne.,<b>Дзинь</b>! Звонит колокол.,🔔,interj
contrebas,внизу,En <b>contrebas</b> de la route.,<b>Ниже</b> дороги.,⬇️,adv
à l'instar,по примеру,<b>À l'instar</b> de son père.,<b>По примеру</b> своего отца.,👨,prep
furtivement,украдкой,Regarder <b>furtivement</b>.,Смотреть <b>украдкой</b>.,👀,adv
formellement,формально,<b>Formellement</b> interdit.,<b>Формально</b> запрещено.,🚫,adv
bonnement,попросту,Tout <b>bonnement</b>.,<b>Попросту</b>.,🤷,adv
avidement,жадно,Lire <b>avidement</b>.,<b>Жадно</b> читать.,📖,adv
pardi,ещё бы,"<b>Pardi</b>, c'est évident !","<b>Ещё бы</b>, это очевидно!",😊,interj
gratos,бесплатно (разг.),C'est <b>gratos</b>.,Это <b>бесплатно</b>.,🆓,adv
atrocement,ужасно,<b>Atrocement</b> laid.,<b>Ужасно</b> некрасивый.,😱,adv
théoriquement,теоретически,<b>Théoriquement</b> possible.,<b>Теоретически</b> возможно.,🤔,adv
beurk,фу,<b>Beurk</b> ! C'est dégoûtant !,<b>Фу</b>! Это отвратительно!,🤢,interj
sourdement,глухо,Gronder <b>sourdement</b>.,<b>Глухо</b> ворчать.,🔇,adv
miraculeusement,чудесным образом,<b>Miraculeusement</b> sauvé.,<b>Чудом</b> спасён.,✨,adv
des chips,чипсы,Un paquet de <b>chips</b>.,Пачка <b>чипсов</b>.,🥔,f pl
à l'encontre,вопреки; против,Aller <b>à l'encontre</b> de la loi.,Идти <b>вопреки</b> закону.,🚫,prep
j,я (перед гласной),<b>J'</b>aime le café.,<b>Я</b> люблю кофе.,☕,pron
tchao,чао,<b>Tchao</b> les amis !,"<b>Чао</b>, друзья!",👋,interj
moyennant,при условии,<b>Moyennant</b> paiement.,<b>При условии</b> оплаты.,💰,prep
because,потому что (англ.),<b>Because</b> I love you.,<b>Потому что</b> я тебя люблю.,💕,conj
hue,но! (лошади),<b>Hue</b> ! Avance !,<b>Но</b>! Вперёд!,🐴,interj
miam,ням,<b>Miam</b> ! C'est délicieux !,<b>Ням</b>! Вкусно!,😋,interj
hep,эй,<b>Hep</b> ! Attendez !,<b>Эй</b>! Подождите!,📢,interj
vlan,бац,<b>Vlan</b> ! La porte claque.,<b>Бац</b>! Дверь хлопнула.,🚪,interj
basta,баста,<b>Basta</b> ! J'en ai marre !,<b>Баста</b>! Хватит!,✋,interj
bing,бинг! (звук),<b>Bing</b> ! Touché !,<b>Бинг</b>! Попал!,🎯,interj
alléluia,аллилуйя,<b>Alléluia</b> ! Nous avons réussi !,<b>Аллилуйя</b>! Мы справились!,🙌,interj
arrière,задний,La roue <b>arrière</b>.,<b>Заднее</b> колесо.,🔙,interj
sapristi,чёрт побери,<b>Sapristi</b> ! Quel désastre !,<b>Чёрт побери</b>! Какая катастрофа!,😱,interj
clac,щёлк! хлоп!,<b>Clac</b> ! La porte se ferme.,<b>Хлоп</b>! Дверь закрывается.,🚪,interj
olé,оле,<b>Olé</b> ! Quel spectacle !,<b>Оле</b>! Какое зрелище!,💃,interj
bye-bye,пока-пока,<b>Bye-bye</b> ! À bientôt !,<b>Пока-пока</b>! До скорого!,👋,interj
parbleu,чёрт возьми,<b>Parbleu</b> ! J'ai oublié !,<b>Чёрт возьми</b>! Я забыл!,😤,interj
quatre-vingt-dix,девяносто (Франция),<b>Quatre-vingt-dix</b> euros.,<b>Девяносто</b> евро.,9️⃣0️⃣,num
plouf,плюх,<b>Plouf</b> ! Il tombe à l'eau.,<b>Плюх</b>! Он упал в воду.,💦,interj
jusqu,до (перед гласной),<b>Jusqu'</b>à demain.,<b>До</b> завтра.,📅,prep
calmos,спокойно,<b>Calmos</b> ! Pas de panique.,<b>Спокойно</b>! Без паники.,😌,interj
zou,ну-ка,<b>Zou</b> ! Au travail !,<b>Ну-ка</b>! За работу!,👉,interj
tintin,ничего не выйдет,<b>Tintin</b> ! Tu n'auras rien.,<b>Шиш</b>! Ничего не получишь.,🤷,interj
tap,тап! (звук),<b>Tap tap tap</b> sur le clavier.,<b>Тап-тап-тап</b> по клавиатуре.,⌨️,interj
nonobstant,несмотря на,<b>Nonobstant</b> les difficultés.,<b>Несмотря на</b> трудности.,🤷,prep
pouah,фу,<b>Pouah</b> ! Quelle odeur !,<b>Фу</b>! Какой запах!,🤢,interj
fichtre,чёрт,<b>Fichtre</b> ! Quel bazar !,<b>Чёрт</b>! Какой бардак!,😤,interj
floc,плюх!,<b>Floc</b> ! dans l'eau.,<b>Плюх</b>! в воду.,💧,interj
berk,фу,<b>Berk</b> ! C'est immonde !,<b>Фу</b>! Это мерзко!,🤮,interj
ouille,ой,<b>Ouille</b> ! Ça fait mal !,<b>Ой</b>! Больно!,😖,interj
bang,бах! бум!,<b>Bang</b> ! Une explosion.,<b>Бах</b>! Взрыв.,💥,interj
pff,пф! тьфу!,"""<b>Pff</b>, c'est nul.""","<b>Пф</b>, это отстой.""",😒,interj
par-dessous,под; снизу,Passer <b>par-dessous</b>.,Пройти <b>снизу</b>.,⬇️,prep
revoici,вот снова,<b>Revoici</b> le printemps !,<b>Вот снова</b> весна!,🌸,prep
chic,шикарный,C'est très <b>chic</b>.,Это очень <b>шикарно</b>.,✨,interj
bé,ну; бе,"""<b>Bé</b>, je ne sais pas.""","<b>Ну</b>, не знаю.""",🤷,interj
dong,динь-дон!,<b>Ding dong</b> ! La cloche sonne.,<b>Динь-дон</b>! Звонит колокол.,🔔,interj
motus,молчок,<b>Motus</b> et bouche cousue.,<b>Молчок</b> и рот на замок.,🤐,interj
nous-même,сами (мы),Nous l'avons fait <b>nous-mêmes</b>.,Мы сделали это <b>сами</b>.,👥,pron
brrr,бррр (холодно),"<b>Brrr</b>, il fait froid !","<b>Бррр</b>, холодно!",🥶,interj
patati,и тра-та-та,<b>Patati patata</b>.,"<b>И то, и сё</b>.",🗣️,interj
youpi,ура,<b>Youpi</b> ! Les vacances !,<b>Ура</b>! Каникулы!,🎉,interj
par-devant,спереди; перед,Passer <b>par-devant</b>.,Пройти <b>спереди</b>.,➡️,prep
cré,чёрт! (квебек.),<b>Cré</b> bon sang !,<b>Чёрт</b> возьми!,😤,interj
haha,ха-ха!,"<b>Haha</b>, c'est drôle !","<b>Ха-ха</b>, смешно!",😂,interj
peuh,пфе! ха!,"<b>Peuh</b>, je m'en fiche.","<b>Пфе</b>, мне всё равно.",😏,interj
beu,бе! (овца),<b>Bêê</b> ! fait le mouton.,<b>Бе-е</b>! блеет овца.,🐑,interj
wouah,вау,<b>Wouah</b> ! Incroyable !,<b>Вау</b>! Невероятно!,😮,interj
hai,хай! (крик),<b>Haï</b> ! crie le karatéka.,<b>Хай</b>! кричит каратист.,🥋,interj
ouiche,ага; как же!,"<b>Ouiche</b>, tu parles !","<b>Ага</b>, как же!",🙄,interj
mouais,ну да,<b>Mouais</b>... Je ne suis pas convaincu.,<b>Ну да</b>... Я не убеждён.,🤔,interj
chiche,слабо,<b>Chiche</b> ! Tu n'oses pas !,<b>Слабо</b>! Ты не посмеешь!,😏,interj
hon,хн? (удивление),<b>Hon</b> ? C'est vrai ?,<b>Хм</b>? Правда?,🤔,interj
dia,тпру! (лошади),<b>Dia</b> ! À gauche !,<b>Тпру</b>! Налево!,🐴,interj
tagada,тагада (галоп),<b>Tagada tagada</b> !,<b>Цок-цок-цок</b>!,🐎,interj
pasque,потому что (разг.),<b>Pasque</b> c'est comme ça.,<b>Потому что</b> так.,🤷,conj
pfft,пфф! (раздражение),"<b>Pfft</b>, c'est n'importe quoi.","<b>Пфф</b>, это чушь.",😤,interj
patata,и всё такое,<b>Patati patata</b>.,<b>То да сё</b>.,🗣️,interj
ploc,плюх! кап!,"<b>Ploc ploc</b>, la pluie.","<b>Кап-кап</b>, дождь.",💧,interj
miam-miam,ням-ням,"<b>Miam-miam</b>, c'est bon !","<b>Ням-ням</b>, вкусно!",😋,interj
hisse,взяли! (тяжесть),<b>Oh hisse</b> !,<b>Взяли</b>!,💪,interj
gnagnagna,бла-бла-бла,<b>Gnagnagna</b>...,<b>Бла-бла-бла</b>...,🗣️,interj
grâce,благодаря,"<b>Grâce à</b> toi, j'ai réussi.",<b>Благодаря</b> тебе я справился.,🙏,interj
meuh,му-у (корова),<b>Meuh</b> ! fait la vache.,<b>Му-у</b>! мычит корова.,🐄,interj
mil,тысяча (в датах),L'an <b>mil</b>.,<b>Тысячный</b> год.,📆,num
pouce,стоп! пауза!,<b>Pouce</b> ! On arrête.,<b>Стоп</b>! Прекращаем.,✋,interj
caramba,карамба!,<b>Caramba</b> !,<b>Карамба</b>!,😱,interj
puissamment,мощно; весьма,<b>Puissamment</b> armé.,<b>Мощно</b> вооружён.,💪,conj
clic,щёлк! клик!,<b>Clic</b> ! sur le bouton.,<b>Клик</b>! по кнопке.,🖱️,interj
flac,плюх! шлёп!,<b>Flac</b> ! dans la boue.,<b>Шлёп</b>! в грязь.,💧,interj
dring,дзинь!,<b>Dring</b> ! Le téléphone sonne.,<b>Дзинь</b>! Звонит телефон.,📞,interj
rebelote,повторяем,Et <b>rebelote</b> ! On recommence.,И <b>повторяем</b>! Начинаем заново.,🔄,interj
lala,ля-ля,"<b>Lala</b>, je chante.","<b>Ля-ля</b>, пою.",🎵,interj
banco,идёт,<b>Banco</b> ! Marché conclu.,<b>Идёт</b>! По рукам.,🤝,interj
taïaut,ату! (охота),<b>Taïaut</b> ! À la chasse !,<b>Ату</b>! На охоту!,🦊,interj
broum,врум! (мотор),<b>Broum broum</b> ! La moto.,<b>Врум-врум</b>! Мотоцикл.,🏍️,interj
pouf,пуф! бух!,<b>Pouf</b> ! Il est tombé.,<b>Бух</b>! Он упал.,💨,interj
bim,бим! бам!,<b>Bim</b> ! Dans le mille !,<b>Бим</b>! В яблочко!,🎯,interj
prosit,прозит! будем!,<b>Prosit</b> !,<b>Прозит</b>!,🍻,interj
pschitt,пшшш! (газировка),<b>Pschitt</b> ! La canette s'ouvre.,<b>Пшшш</b>! Банка открывается.,🥤,interj
houhou,ау! эй!,"""<b>Houhou</b>, il y a quelqu'un ?""","<b>Ау</b>, есть кто?""",👋,interj
youp,оп!,<b>Youp</b> ! En avant !,<b>Оп</b>! Вперёд!,🎉,interj
badaboum,бадабум! (грохот),<b>Badaboum</b> ! Tout est tombé.,<b>Бадабум</b>! Всё упало.,💥,interj
vroum,врум! (мотор),<b>Vroum vroum</b> ! La voiture.,<b>Врум-врум</b>! Машина.,🚗,interj
inch allah,иншалла (если Бог захочет),"<b>Inch Allah</b>, ça ira.","<b>Иншалла</b>, всё будет хорошо.",🙏,interj
hurrah,ура!,<b>Hurrah</b> ! On a gagné !,<b>Ура</b>! Мы победили!,🎉,interj
hare,аре! (воскл.),<b>Haré</b> krishna.,<b>Харе</b> кришна.,🙏,interj
houlà,ого! ого-го!,"<b>Houlà</b>, attention !","<b>Ого</b>, осторожно!",😮,interj
damned,чёрт! (англ.),<b>Damned</b> !,<b>Чёрт</b>!,😠,interj
taratata,та-ра-та-та,"<b>Taratata</b>, pas d'excuses !","<b>Та-ра-та</b>, без отговорок!",🙅,interj
niet,нет (рус.),"<b>Niet</b>, c'est non.",<b>Нет</b> — это нет.,🚫,interj
quelqu'une,кто-нибудь (ж.р.),<b>Quelqu'une</b> peut m'aider ?,<b>Кто-нибудь</b> может помочь?,👩,pron
dig,диг! (звук),<b>Dig ding</b> ! La sonnette.,<b>Динь-динь</b>! Звонок.,🔔,interj
nonante,девяносто (Бельгия),<b>Nonante</b> francs.,<b>Девяносто</b> франков.,🇧🇪,num
splash,плюх! всплеск!,<b>Splash</b> ! dans la piscine.,<b>Плюх</b>! в бассейн.,💦,interj
pst,псст! эй!,<b>Pst</b> ! Viens ici.,<b>Псст</b>! Иди сюда.,🤫,interj
balpeau,фигушки! (арго),<b>Balpeau</b> ! Tu n'auras rien.,<b>Фигушки</b>! Ничего не получишь.,🙅,interj
patatras,бабах! (падение),<b>Patatras</b> ! Tout s'écroule.,<b>Бабах</b>! Всё рухнуло.,💥,interj
snif,хнык (плач),"<b>Snif snif</b>, c'est triste.","<b>Хнык-хнык</b>, это грустно.",😢,interj
jusqu'au,до (м.р. + гласная),<b>Jusqu'au</b> bout.,<b>До</b> конца.,🎯,prep
pouh,фу! тьфу!,"<b>Pouh</b>, ça pue !","<b>Фу</b>, воняет!",🤢,interj
vlouf,бульк! (вода),<b>Vlouf</b> ! dans l'eau.,<b>Бульк</b>! в воду.,💧,interj
sniff,хнык (сопли),"<b>Sniff</b>, j'ai froid.","<b>Хнык</b>, мне холодно.",🤧,interj
oust,брысь! кыш!,<b>Oust</b> ! Dehors !,<b>Брысь</b>! Вон!,👉,interj
vroom,врум! (мотор),<b>Vroom</b> ! La moto démarre.,<b>Врум</b>! Мотоцикл заводится.,🏍️,interj
atchoum,апчхи!,<b>Atchoum</b> ! À tes souhaits.,<b>Апчхи</b>! Будь здоров.,🤧,interj
pouic,пик! (писк),<b>Pouic pouic</b> ! fait la souris.,<b>Пик-пик</b>! пищит мышь.,🐭,interj
hi-han,иа! (осёл),<b>Hi-han</b> ! brait l'âne.,<b>Иа</b>! ревёт осёл.,🫏,interj
flop,хлоп! провал!,"<b>Flop</b>, le film est un échec.","<b>Флоп</b>, фильм провалился.",📉,interj
gna gna,бу-бу-бу (нытьё),"<b>Gna gna gna</b>, arrête de pleurer !","<b>Бу-бу-бу</b>, хватит ныть!",😤,interj
hem,гм; хм,"<b>Hem</b>, je réfléchis.","<b>Гм</b>, я думаю.",🤔,interj
pin-pon,пин-пон (сирена),<b>Pin-pon pin-pon</b> ! Les pompiers.,<b>Пин-пон</b>! Пожарные.,🚒,interj
prout,пук! пердёж,<b>Prout</b> ! Oh pardon !,"<b>Пук</b>! Ой, простите!",💨,interj
tchin-tchin,чин-чин! (тост),"<b>Tchin-tchin</b>, à ta santé !","<b>Чин-чин</b>, за твоё здоровье!",🥂,interj
cot cot codec,ко-ко-ко (курица),<b>Cot cot codec</b> ! fait la poule.,<b>Ко-ко-ко</b>! кудахчет курица.,🐔,interj
n',не (перед гласной),<b>N'</b>oublie pas !,<b>Не</b> забудь!,☝️,pron
am stram gram,эники-беники,<b>Am stram gram</b>...,<b>Эники-беники</b>...,🎲,interj
houp,оп-ля!,<b>Houp</b>-là !,<b>Оп-ля</b>!,🤸,interj
septante,семьдесят (Бельгия),<b>Septante</b> ans.,<b>Семьдесят</b> лет.,🇧🇪,num
clic-clac,щёлк-щёлк; клик-клак,"<b>Clic-clac</b>, le canapé.","<b>Клик-клак</b>, диван.",🛋️,interj
psitt,псст! (оклик),<b>Psitt</b> ! Par ici !,<b>Псст</b>! Сюда!,🤫,interj
eurêka,эврика,<b>Eurêka</b> ! J'ai trouvé !,<b>Эврика</b>! Нашёл!,💡,interj
pchitt,пшшш! (брызги),"<b>Pchitt</b>, le parfum.","<b>Пшш</b>, духи.",🧴,interj
versus,против,France <b>versus</b> Allemagne.,Франция <b>против</b> Германии.,⚔️,prep
bouf,пыф! (вздох),"<b>Bouf</b>, je suis fatigué.","<b>Пыф</b>, я устал.",😮‍💨,interj
turlututu,тру-ля-ля (отказ),"<b>Turlututu</b>, chapeau pointu !","<b>Тру-ля-ля</b>, шиш тебе!",🎭,interj
badabam,бадабам! (удар),<b>Badabam</b> ! Quel coup !,<b>Бадабам</b>! Какой удар!,💥,interj
octante,восемьдесят (Швейцария),<b>Octante</b> personnes.,<b>Восемьдесят</b> человек.,🇨🇭,num
qui-vive,кто идёт? настороже,Être sur le <b>qui-vive</b>.,Быть <b>настороже</b>.,👀,interj
afin d,чтобы (перед гласной),<b>Afin d'</b>éviter.,<b>Чтобы</b> избежать.,🎯,prep
non,нет,"<b>Non</b>, merci, je n'ai pas faim.","<b>Нет</b>, спасибо, я не голоден.",❌,adv
rantanplan,ра-та-та-та (барабан),<b>Rantanplan</b> ! Le tambour.,<b>Ра-та-та</b>! Барабан.,🥁,interj
au-dessus,наверху; над,L'avion vole <b>au-dessus</b> des nuages.,Самолёт летит <b>над</b> облаками.,⬆️,prep
merdasse,блин! (эвфемизм),"<b>Merdasse</b>, j'ai oublié !","<b>Блин</b>, я забыл!",🤦,interj
beuark,фу! бе!,"<b>Beuark</b>, c'est dégoûtant !","<b>Фу</b>, это отвратительно!",🤮,interj
tandis qu,тогда как (перед гласной),<b>Tandis qu'</b>il dort.,<b>Тогда как</b> он спит.,😴,conj
afin qu,чтобы (+ subj.),<b>Afin qu'</b>il comprenne.,<b>Чтобы</b> он понял.,💡,conj
balle-peau,шиш! фигушки!,<b>Balle-peau</b> ! Pas question !,<b>Фигушки</b>! Не вопрос!,🙅,interj
cric-crac,крик-крак (хруст),"<b>Cric-crac</b>, le bois craque.","<b>Крик-крак</b>, дерево трещит.",🪵,interj
par-dedans,изнутри,Entrer <b>par-dedans</b>.,Войти <b>изнутри</b>.,🚪,prep
pfutt,пфф! (исчезновение),"<b>Pfutt</b>, disparu !","<b>Пфф</b>, исчез!",💨,interj
rataplan,ра-та-план (барабан),<b>Rataplan</b> ! Le tambour roule.,<b>Ра-та-план</b>! Барабан бьёт.,🥁,interj
tacatac,та-та-та (стрельба),<b>Tacatac</b> ! La mitrailleuse.,<b>Та-та-та</b>! Пулемёт.,🔫,interj
tacatacatac,та-та-та-та (очередь),<b>Tacatacatac</b> !,<b>Та-та-та-та</b>!,🔫,interj
zzzz,зззз (сон),<b>Zzzz</b>... il dort.,<b>Зззз</b>... он спит.,😴,interj
lorsqu,когда (перед гласной),<b>Lorsqu'</b>il arrive.,<b>Когда</b> он приходит.,⏰,conj
zzz,ззз (сон),<b>Zzz</b>...,<b>Ззз</b>...,😴,interj
patapouf,бум! увалень,<b>Patapouf</b> ! Il est tombé.,<b>Бум</b>! Он упал.,🤸,interj
puisqu,раз уж; поскольку,<b>Puisqu'</b>il le faut.,<b>Раз уж</b> надо.,🤷,conj
gué,гуэ! (возглас),C'est la mère <b>Gué</b>.,Это матушка <b>Гуэ</b>.,🎵,interj
ollé,оле!,<b>Ollé</b> !,<b>Оле</b>!,💃,interj
re-belote,и снова-здорово,<b>Re-belote</b> ! Encore lui !,<b>И снова-здорово</b>! Опять он!,🔄,interj
