French,Russian,WordType,ExampleFrench,ExampleRussian,Notes,Emoji,Source
avoir un coup de foudre,любовь с первого взгляда,expr,"Lorsqu'ils se sont rencontrés, ce fut un véritable <b>coup de foudre</b>.","Когда они встретились, это была настоящая <b>любовь с первого взгляда</b>.",Дословно: удар молнии. Также: внезапное увлечение чем-то.,⚡💕,idiomes
poser un lapin à qqn,не прийти на встречу,expr,"Il m'a <b>posé un lapin</b> hier soir, je l'ai attendu une heure !","Он <b>не пришёл на встречу</b> вчера вечером, я ждал его час!",Familier. Дословно: подложить кролика.,🐰❌,idiomes
avoir le cafard,быть в депрессии; хандрить,expr,"Depuis son départ pour le Québec, elle <b>a le cafard</b>.","С тех пор как он уехал в Квебек, она <b>хандрит</b>.",Дословно: иметь таракана. Синоним: être déprimé.,🪳😢,idiomes
faire la grasse matinée,поспать допоздна,expr,"Ce dimanche, je vais <b>faire la grasse matinée</b> jusqu'à midi.",В это воскресенье я <b>посплю допоздна</b> до полудня.,Дословно: делать жирное утро. Québec: aussi dormir tard.,😴🛏️,idiomes
passer une nuit blanche,не спать всю ночь,expr,J'ai <b>passé une nuit blanche</b> à préparer mon examen de français.,"Я <b>не спал всю ночь</b>, готовясь к экзамену по французскому.",Дословно: провести белую ночь.,🌙👀,idiomes
mettre son grain de sel,лезть с непрошеным мнением,expr,Il faut toujours qu'il <b>mette son grain de sel</b> dans les discussions !,Он всегда должен <b>лезть со своим мнением</b> в обсуждения!,Дословно: класть свою крупинку соли. Familier.,🧂💬,idiomes
tirer le diable par la queue,еле сводить концы с концами; перебиваться,expr,"Depuis qu'il a perdu son travail, ils <b>tirent le diable par la queue</b>.","С тех пор как он потерял работу, они <b>еле сводят концы с концами</b>.",Дословно: тянуть дьявола за хвост.,😈💸,idiomes
se mettre sur son 31,нарядиться; принарядиться,expr,"Pour le réveillon, tout le monde <b>s'est mis sur son 31</b>.",На Новый год все <b>принарядились</b>.,Дословно: одеться на свои 31. Origine: 31 décembre ou trentain (tissu de luxe).,👔✨,idiomes
jeter de l'huile sur le feu,подливать масла в огонь,expr,"En critiquant son travail devant tous, tu n'as fait que <b>jeter de l'huile sur le feu</b>.","Критикуя его работу перед всеми, ты только <b>подлил масла в огонь</b>.",Аналог русского выражения.,🛢️🔥,idiomes
couper la poire en deux,найти компромисс; пойти на уступки,expr,Ils ont décidé de <b>couper la poire en deux</b> et de partager les frais.,Они решили <b>найти компромисс</b> и разделить расходы.,Дословно: разрезать грушу пополам.,🍐✂️,idiomes
appeler un chat un chat,называть вещи своими именами,expr,Je vais <b>appeler un chat un chat</b> : ce projet est un échec.,Буду <b>называть вещи своими именами</b>: этот проект — провал.,Дословно: называть кота котом. Синоним: parler franchement.,🐱📢,idiomes
mettre la main à la pâte,взяться за дело; помочь,expr,"Si tout le monde <b>met la main à la pâte</b>, on finira avant ce soir.","Если все <b>возьмутся за дело</b>, мы закончим до вечера.",Дословно: положить руку в тесто.,🤲🥖,idiomes
manger sur le pouce,перекусить на ходу,expr,"Je n'ai pas le temps, je vais <b>manger sur le pouce</b> entre deux réunions.","У меня нет времени, я <b>перекушу на ходу</b> между встречами.",Дословно: есть на большом пальце.,🍔⏱️,idiomes
en faire tout un fromage,делать из мухи слона,expr,"Ce n'est qu'une petite erreur, il ne faut pas <b>en faire tout un fromage</b> !","Это всего лишь небольшая ошибка, не надо <b>делать из мухи слона</b>!",Дословно: делать из этого целый сыр.,🧀🐘,idiomes
avoir la gueule de bois,страдать похмельем,expr,"Après la fête, j'<b>ai la gueule de bois</b> ce matin.",После вечеринки у меня <b>похмелье</b> этим утром.,Familier. Дословно: иметь деревянную морду.,🍺🤕,idiomes
pleuvoir des cordes,лить как из ведра,expr,"Il <b>pleut des cordes</b> dehors, prends ton parapluie !","На улице <b>льёт как из ведра</b>, возьми зонт!",Дословно: идёт дождь из верёвок. Синоним: pleuvoir à verse.,🌧️,idiomes
donner sa langue au chat,сдаться (при угадывании),expr,"Je ne trouve pas la réponse, je <b>donne ma langue au chat</b>.","Я не нахожу ответ, <b>сдаюсь</b>.",Дословно: отдать свой язык коту.,🐱👅,idiomes
se serrer la ceinture,затянуть пояса; экономить,expr,"Avec la crise, il a dû <b>se serrer la ceinture</b>.",Из-за кризиса ему пришлось <b>затянуть пояса</b>.,Аналог русского выражения.,💵🔄,idiomes
être au bout du rouleau,быть измотанным; на пределе сил,expr,"Après ce projet de trois mois, je suis vraiment <b>au bout du rouleau</b>.",После этого трёхмесячного проекта я реально <b>на пределе сил</b>.,Дословно: быть в конце рулона.,😩🪫,idiomes
faire l'autruche,прятать голову в песок; игнорировать проблему,expr,Il ne peut pas continuer à <b>faire l'autruche</b> face à ses dettes.,Он не может продолжать <b>прятать голову в песок</b> перед своими долгами.,Дословно: делать страуса.,🪶🙈,idiomes
avoir les dents longues,быть амбициозным,expr,"Ce nouveau directeur <b>a les dents longues</b>, il vise le poste de PDG.","Этот новый директор <b>очень амбициозен</b>, он метит на пост генерального.",Дословно: иметь длинные зубы. Parfois péjoratif.,🦷📈,idiomes
tourner autour du pot,ходить вокруг да около,expr,Arrête de <b>tourner autour du pot</b> et dis-moi ce qui s'est passé !,"Хватит <b>ходить вокруг да около</b>, скажи мне, что случилось!",Дословно: крутиться вокруг горшка.,🍯🔄,idiomes
prendre le taureau par les cornes,взять быка за рога,expr,"Face à ce problème, il a <b>pris le taureau par les cornes</b>.","Столкнувшись с этой проблемой, он <b>взял быка за рога</b>.",Аналог русского выражения.,🐂💪,idiomes
avoir du pain sur la planche,иметь много работы,expr,"Avec ce nouveau projet, nous avons <b>du pain sur la planche</b>.",С этим новым проектом у нас <b>много работы</b>.,Дословно: иметь хлеб на доске.,🍞📋,idiomes
faire d'une pierre deux coups,убить двух зайцев одним выстрелом,expr,"En allant au bureau, je dépose les enfants à l'école : je <b>fais d'une pierre deux coups</b>.",По дороге на работу завожу детей в школу: <b>убиваю двух зайцев</b>.,Дословно: сделать одним камнем два удара.,🪨🎯,idiomes
tomber dans les pommes,упасть в обморок,expr,Il faisait si chaud qu'elle est <b>tombée dans les pommes</b>.,"Было так жарко, что она <b>упала в обморок</b>.",Дословно: упасть в яблоки. Familier.,🍎😵,idiomes
avoir une faim de loup,быть голодным как волк,expr,"Après cette randonnée, j'<b>ai une faim de loup</b> !",После этого похода я <b>голоден как волк</b>!,Аналог русского выражения.,🐺🍽️,idiomes
avoir le cœur sur la main,быть щедрым и добрым,expr,"Elle <b>a le cœur sur la main</b>, elle aide toujours les autres.","Она <b>очень щедрая</b>, всегда помогает другим.",Дословно: иметь сердце на руке.,❤️🤲,idiomes
jeter l'éponge,сдаться; бросить дело,expr,"Après trois tentatives, il a décidé de <b>jeter l'éponge</b>.",После трёх попыток он решил <b>сдаться</b>.,Origine: boxe. Дословно: бросить губку.,🧽🏳️,idiomes
marcher sur des œufs,действовать осторожно,expr,"Avec ce client difficile, il faut <b>marcher sur des œufs</b>.",С этим сложным клиентом нужно <b>действовать осторожно</b>.,Дословно: ходить по яйцам.,🥚🚶,idiomes
raconter des salades,врать; рассказывать небылицы,expr,"Ne le crois pas, il <b>raconte des salades</b> !","Не верь ему, он <b>врёт</b>!",Дословно: рассказывать салаты. Familier. Синоним: mentir.,🥗🤥,idiomes
avoir un poil dans la main,быть лентяем,expr,"Il ne fait jamais rien, il <b>a un poil dans la main</b>.","Он никогда ничего не делает, он <b>настоящий лентяй</b>.",Дословно: иметь волос в руке. Familier.,💇🖐️,idiomes
rouler quelqu'un dans la farine,обмануть кого-то; обвести вокруг пальца,expr,"Ce vendeur m'a <b>roulé dans la farine</b>, la voiture était en panne !","Этот продавец меня <b>обманул</b>, машина была сломана!",Дословно: обвалять в муке. Familier.,🌾😈,idiomes
mettre les pieds dans le plat,сесть в лужу; ляпнуть,expr,Il a <b>mis les pieds dans le plat</b> en parlant de son ex devant sa femme.,"Он <b>ляпнул</b>, заговорив о бывшей при жене.",Дословно: поставить ноги в блюдо.,🦶🍽️,idiomes
passer du coq à l'âne,перескакивать с темы на тему,expr,"Impossible de le suivre, il <b>passe du coq à l'âne</b> constamment !","Невозможно за ним угнаться, он постоянно <b>перескакивает с темы на тему</b>!",Дословно: переходить от петуха к ослу.,🐓🫏,idiomes
mettre de l'eau dans son vin,смягчить позицию; пойти на уступки,expr,"Après la négociation, il a dû <b>mettre de l'eau dans son vin</b>.",После переговоров ему пришлось <b>смягчить позицию</b>.,Дословно: добавить воды в вино.,💧🍷,idiomes
tenir la chandelle,быть третьим лишним,expr,"Je ne veux pas <b>tenir la chandelle</b>, sortez sans moi !","Не хочу <b>быть третьим лишним</b>, идите без меня!",Дословно: держать свечу.,🕯️👫,idiomes
se prendre un râteau,получить отказ (в любви),expr,"Il a invité Marie à sortir, mais il <b>s'est pris un râteau</b>.","Он пригласил Мари на свидание, но <b>получил отказ</b>.",Familier. Дословно: получить граблями.,🌹❌,idiomes
être à cheval sur quelque chose,быть принципиальным; строгим,expr,Mon prof <b>est à cheval sur</b> la ponctualité.,Мой препод <b>строг в отношении</b> пунктуальности.,Дословно: быть верхом на чём-то.,🐴⚖️,idiomes
tiré par les cheveux,притянуто за уши; натянуто,expr,Son excuse était vraiment <b>tirée par les cheveux</b>.,Его оправдание было <b>притянуто за уши</b>.,Аналог русского выражения.,💇🤷,idiomes
avoir l'estomac dans les talons,очень хотеть есть,expr,"Après 8 heures sans manger, j'<b>ai l'estomac dans les talons</b>.",После 8 часов без еды я <b>ужасно хочу есть</b>.,Дословно: иметь желудок в пятках.,👠🤤,idiomes
avoir un cœur d'artichaut,легко влюбляться,expr,"Elle tombe amoureuse de tout le monde, elle <b>a un cœur d'artichaut</b>.","Она влюбляется во всех подряд, у неё <b>ветреное сердце</b>.",Дословно: иметь сердце артишока (много листьев = много увлечений).,💜🥬,idiomes
tirer les vers du nez,выпытывать информацию,expr,Il a fallu que je lui <b>tire les vers du nez</b> pour savoir ce qui s'est passé.,"Мне пришлось <b>вытягивать из него</b> информацию, чтобы узнать, что случилось.",Дословно: тянуть червей из носа.,🪱👃,idiomes
mettre les points sur les i,расставить точки над i,expr,Il a tenu à <b>mettre les points sur les i</b> avant de signer le contrat.,"Он настоял на том, чтобы <b>расставить точки над i</b> перед подписанием контракта.",Аналог русского выражения.,✏️📝,idiomes
monter sur ses grands chevaux,разозлиться; вспылить,expr,"Dès qu'on le critique, il <b>monte sur ses grands chevaux</b>.","Стоит его покритиковать, он сразу <b>вспыливает</b>.",Дословно: сесть на больших лошадей.,🐎😤,idiomes
vendre la peau de l'ours avant de l'avoir tué,делить шкуру неубитого медведя,expr,"Ne <b>vends pas la peau de l'ours avant de l'avoir tué</b>, attends les résultats.","Не <b>дели шкуру неубитого медведя</b>, подожди результатов.",Аналог русского выражения.,🐻🛒,idiomes
mettre son nez partout,совать нос всюду,expr,"Elle <b>met son nez partout</b>, impossible d'avoir de secrets !","Она <b>суёт нос всюду</b>, невозможно иметь секреты!",Аналог русского выражения.,👃🔍,idiomes
jeter l'argent par les fenêtres,бросать деньги на ветер,expr,Il <b>jette l'argent par les fenêtres</b> avec ses achats inutiles.,Он <b>бросает деньги на ветер</b> своими бесполезными покупками.,Дословно: выбрасывать деньги в окна.,💸🪟,idiomes
tirer la couverture à soi,тянуть одеяло на себя,expr,"Dans ce projet, il essaie toujours de <b>tirer la couverture à soi</b>.",В этом проекте он всегда пытается <b>тянуть одеяло на себя</b>.,Аналог русского выражения.,🛏️😤,idiomes
être dans de beaux draps,быть в переделке; попасть в беду,expr,"Après avoir perdu son passeport, il <b>s'est retrouvé dans de beaux draps</b>.","Потеряв паспорт, он <b>оказался в переделке</b>.",Ирония: beaux draps = проблемы. Дословно: быть в красивых простынях.,🛏️😰,idiomes
ne pas mettre tous ses œufs dans le même panier,не класть все яйца в одну корзину,expr,Il <b>ne faut pas mettre tous ses œufs dans le même panier</b> : diversifie tes investissements.,<b>Не клади все яйца в одну корзину</b>: диверсифицируй инвестиции.,Аналог русского выражения.,🥚🧺,idiomes
prendre quelqu'un la main dans le sac,поймать с поличным,expr,Nous avons <b>pris le voleur la main dans le sac</b>.,Мы <b>поймали вора с поличным</b>.,Дословно: поймать с рукой в сумке.,🤚👜,idiomes
courir sur le haricot,раздражать; надоедать,expr,Arrête de me <b>courir sur le haricot</b> avec tes questions !,Хватит меня <b>доставать</b> своими вопросами!,Familier. Дословно: бегать по фасолине.,🫘😤,idiomes
casser les pieds à quelqu'un,надоедать; действовать на нервы,expr,Ça me <b>casse les pieds</b> de devoir refaire ce travail.,Меня <b>бесит</b> необходимость переделывать эту работу.,Familier. Дословно: ломать ноги.,🦶💢,idiomes
mettre la charrue avant les bœufs,ставить телегу впереди лошади,expr,"En annonçant le succès avant les tests, il a <b>mis la charrue avant les bœufs</b>.","Объявив об успехе до тестов, он <b>поставил телегу впереди лошади</b>.",Дословно: ставить плуг перед быками.,🐂🛒,idiomes
avoir un chat dans la gorge,иметь ком в горле; охрипнуть,expr,"Excuse-moi, j'<b>ai un chat dans la gorge</b> ce matin.","Извини, у меня <b>горло сипит</b> этим утром.",Дословно: иметь кота в горле.,🐱🗣️,idiomes
rire jaune,смеяться через силу; натянуто улыбаться,expr,"Quand on lui a annoncé la nouvelle, il a <b>ri jaune</b>.","Когда ему сообщили новость, он <b>натянуто улыбнулся</b>.",Дословно: смеяться жёлтым.,😬💛,idiomes
faire boule de neige,расти как снежный ком,expr,Le problème a <b>fait boule de neige</b> et est devenu incontrôlable.,Проблема <b>росла как снежный ком</b> и стала неконтролируемой.,Аналог русского выражения.,⛄📈,idiomes
se mettre le doigt dans l'œil,сильно ошибаться,expr,"Si tu crois qu'il va t'aider, tu <b>te mets le doigt dans l'œil</b>.","Если думаешь, что он тебе поможет, ты <b>сильно ошибаешься</b>.",Familier. Дословно: совать палец себе в глаз.,👁️👆,idiomes
avoir un coup de barre,почувствовать резкую усталость,expr,"Vers 15h, j'ai <b>eu un coup de barre</b>, j'avais besoin de café.","Около 15:00 я <b>резко устал</b>, мне нужен был кофе.",Дословно: получить удар палкой.,😴☕,idiomes
mettre du beurre dans les épinards,улучшить материальное положение,expr,Ce petit travail me permet de <b>mettre du beurre dans les épinards</b>.,Эта подработка помогает мне <b>улучшить финансовое положение</b>.,Дословно: класть масло в шпинат.,🧈💶,idiomes
laisser tomber comme une vieille chaussette,бросить как ненужную вещь,expr,"Après 10 ans d'amitié, il m'a <b>laissé tomber comme une vieille chaussette</b>.",После 10 лет дружбы он меня <b>бросил как ненужную вещь</b>.,Familier. Дословно: бросить как старый носок.,🧦👋,idiomes
arriver comme un cheveu sur la soupe,прийти некстати; не к месту,expr,Son commentaire est <b>arrivé comme un cheveu sur la soupe</b>.,Его комментарий был <b>совсем некстати</b>.,Дословно: появиться как волос в супе.,💇🍲,idiomes
coûter les yeux de la tête,стоить бешеных денег,expr,Cette voiture <b>coûte les yeux de la tête</b> !,Эта машина <b>стоит бешеных денег</b>!,Дословно: стоить глаза с головы.,💰👀,idiomes
ça marche !,договорились!; идёт!,expr,On se retrouve à 18h ? — <b>Ça marche</b> !,Встречаемся в 18:00? — <b>Договорились</b>!,Familier. Выражение согласия. Дословно: это работает.,✅👍,idiomes
couci-couça,так себе; ни то ни сё,expr,"Comment ça va ? — <b>Couci-couça</b>, rien de spécial.","Как дела? — <b>Так себе</b>, ничего особенного.",Familier. Aussi: comme ci comme ça.,😐🤷,idiomes
sans crier gare,без предупреждения,expr,"Il est parti <b>sans crier gare</b>, sans dire au revoir.","Он ушёл <b>без предупреждения</b>, не попрощавшись.",Gare = устаревшее междометие (берегись!).,⚠️💨,idiomes
c'est tiguidou,супер!; отлично!; договорились!,expr,— On se rejoint à 19h ? — <b>Tiguidou</b> !,— Встретимся в 19:00? — <b>Договорились</b>!,Québec uniquement. Origine possible: écossais tickety-boo.,👍✨,québec_expr
c'est l'fun,это клёво; это здорово,expr,La fête était vraiment <b>l'fun</b> hier soir !,Вечеринка вчера была <b>очень клёвой</b>!,Québec. De l'anglais fun. France: c'est chouette.,🎉,québec_expr
l'affaire est ketchup,всё в порядке; дело в шляпе,expr,"T'inquiète pas, <b>l'affaire est ketchup</b> !","Не волнуйся, <b>всё в порядке</b>!",Québec uniquement. Origine: slogan publicitaire.,🍅✅,québec_expr
attache ta tuque,держись!; приготовься!,expr,"<b>Attache ta tuque</b>, ça va brasser !","<b>Держись</b>, сейчас будет жарко!",Tuque = bonnet. Québec uniquement.,🧢💨,québec_expr
avoir les yeux dans la graisse de bines,быть сонным; не проснуться толком,expr,"Ce matin, j'<b>ai les yeux dans la graisse de bines</b>.",Этим утром я <b>ещё толком не проснулся</b>.,Bines = haricots. Québec uniquement.,😴👀,québec_expr
cogner des clous,клевать носом; засыпать на ходу,expr,Il était si fatigué qu'il <b>cognait des clous</b> pendant la réunion.,"Он так устал, что <b>клевал носом</b> на совещании.",Québec. Дословно: забивать гвозди.,😪🔨,québec_expr
accrocher ses patins,уйти на пенсию; бросить дело,expr,"Après 30 ans de carrière, il a décidé d'<b>accrocher ses patins</b>.",После 30 лет карьеры он решил <b>уйти на пенсию</b>.,Origine: hockey. Québec. France: raccrocher.,⛸️👋,québec_expr
avoir de la broue dans le toupet,быть по уши в делах; зашиваться,expr,"Avec ce projet, j'<b>ai de la broue dans le toupet</b> !",С этим проектом я <b>по уши в делах</b>!,Broue = mousse de bière. Québec uniquement.,🍺😰,québec_expr
lâche pas la patate,не сдавайся!; держись!,expr,"C'est difficile, mais <b>lâche pas la patate</b> !","Это сложно, но <b>не сдавайся</b>!",Québec. Forme d'encouragement.,🥔💪,québec_expr
avoir les mains pleines de pouces,быть криворуким; неуклюжим,expr,"En bricolage, j'<b>ai les mains pleines de pouces</b>.",В ремонте я <b>совсем криворукий</b>.,Québec. France: avoir deux mains gauches.,👐👎,québec_expr
parler à travers son chapeau,говорить не зная дела; нести чушь,expr,"Il <b>parle à travers son chapeau</b>, il ne connaît rien au sujet.","Он <b>несёт чушь</b>, ничего не знает по теме.",Calque de l'anglais: to talk through one's hat.,🎩💬,québec_expr
chanter la pomme,ухаживать; флиртовать,expr,Il <b>chante la pomme</b> à toutes les filles du bureau.,Он <b>ухаживает</b> за всеми девушками в офисе.,Québec. Origine: paume → pomme.,🍎💕,québec_expr
être assis sur son steak,бездельничать; сидеть сложа руки,expr,Arrête d'<b>être assis sur ton steak</b> et aide-moi !,"Хватит <b>сидеть сложа руки</b>, помоги мне!",Québec. Familier.,🥩🪑,québec_expr
sacrer son camp,свалить; уйти,expr,"J'en ai assez, je <b>sacre mon camp</b> !","С меня хватит, я <b>сваливаю</b>!","Québec. Familier. France: se barrer, se casser.",🏃💨,québec_expr
avoir un pain au four,быть беременной,expr,Tu as vu Marie ? Elle <b>a un pain au four</b> !,Ты видел Мари? Она <b>беременна</b>!,Québec. Euphémisme imagé.,🥖👶,québec_expr
tire-toi une bûche,садись; присаживайся,expr,Bienvenue ! <b>Tire-toi une bûche</b> et installe-toi.,Добро пожаловать! <b>Садись</b> и располагайся.,"Origine: colonisation, quand les chaises étaient des billots.",🪵🪑,québec_expr
mange pas tes bobettes,не паникуй; не дёргайся,expr,"<b>Mange pas tes bobettes</b>, on a encore le temps.","<b>Не паникуй</b>, у нас ещё есть время.",Bobettes = sous-vêtements. Québec. Familier.,🩲😌,québec_expr
avoir une crotte sur le cœur,таить обиду; держать зло,expr,"Depuis leur dispute, elle <b>a une crotte sur le cœur</b>.",После их ссоры она <b>затаила обиду</b>.,Québec. France: avoir une dent contre qqn.,💔😤,québec_expr
chiquer la guenille,ворчать; брюзжать,expr,Arrête de <b>chiquer la guenille</b> et fais quelque chose !,"Хватит <b>ворчать</b>, сделай что-нибудь!",Guenille = chiffon. Québec uniquement.,😤👕,québec_expr
boss des bécosses,мелкий начальник; самодур,expr,Ce <b>boss des bécosses</b> se prend pour le PDG !,Этот <b>мелкий начальник</b> возомнил себя генеральным!,Bécosses = latrines. Péjoratif. Québec.,🚽👔,québec_expr
tomber en amour,влюбиться,expr,Ils sont <b>tombés en amour</b> au premier regard.,Они <b>влюбились</b> с первого взгляда.,Québec. Calque: to fall in love. France: tomber amoureux.,💕,québec_expr
ça fesse,это круто; это сильно,expr,"Le nouveau film Marvel, <b>ça fesse</b> !",Новый фильм Marvel — <b>это круто</b>!,Québec. Familier.,💥👊,québec_expr
capoter,обалдеть; сойти с ума (от радости),expr,"Quand il a vu son cadeau, il a <b>capoté</b> !","Когда он увидел подарок, он <b>обалдел</b>!",Québec. Aussi: flipper.,🤯🎁,québec_expr
ça torche,это бомба; это огонь,expr,"Ce restaurant, <b>ça torche</b> !",Этот ресторан — <b>просто бомба</b>!,Québec. Familier. Très positif.,🔥✨,québec_expr
se payer la traite,порадовать себя; кутнуть,expr,"Ce soir, on <b>se paye la traite</b> au resto !",Сегодня вечером <b>побалуем себя</b> в ресторане!,Québec. France: se faire plaisir.,🍾🎊,québec_expr
tripper,кайфовать; балдеть,expr,Je <b>trippe</b> sur ce groupe de musique !,Я <b>балдею</b> от этой музыкальной группы!,Québec. De l'anglais trip.,🎵😍,québec_expr
avoir vu neiger,быть опытным; повидать жизнь,expr,"À 70 ans, il <b>en a vu neiger</b> !",В 70 лет он <b>много чего повидал</b>!,Québec uniquement. Imagé: зим пережил.,❄️👴,québec_expr
j'ai mon voyage,с меня хватит; я в шоке,expr,Tu as encore oublié ? <b>J'ai mon voyage</b> !,Ты опять забыл? <b>С меня хватит</b>!,Québec. Выражение удивления/раздражения.,😤🧳,québec_expr
c'est correct,всё нормально; ладно,expr,"— Désolé pour le retard. — <b>C'est correct</b>, pas de problème.","— Извини за опоздание. — <b>Всё нормально</b>, без проблем.","Québec. France: c'est bon, pas grave.",👌,québec_expr
mets-en,ещё бы!; конечно!,expr,— C'était bon le souper ? — <b>Mets-en</b> !,— Ужин был вкусный? — <b>Ещё бы</b>!,Québec. Подтверждение с энтузиазмом.,✅💯,québec_expr
pantoute,совсем нет; вовсе нет,expr,Tu es fatigué ? — <b>Pantoute</b> !,Ты устал? — <b>Вовсе нет</b>!,Québec. De: pas en tout. France: pas du tout.,🙅,québec_expr
en tout cas,в любом случае; короче,expr,"<b>En tout cas</b>, on se voit demain.","<b>В любом случае</b>, увидимся завтра.",Commun au Québec. Aussi: filler de conversation.,💬,québec_expr
faque,так что; поэтому,expr,"Il pleut, <b>faque</b> on reste à la maison.","Идёт дождь, <b>так что</b> остаёмся дома.",Québec. Contraction de: ça fait que.,➡️,québec_expr
t'sé,знаешь; понимаешь,expr,"C'est compliqué, <b>t'sé</b>...","Это сложно, <b>знаешь</b>...",Québec. Contraction de: tu sais. Filler oral.,💭,québec_expr
tu veux-tu,ты хочешь?; хочешь?,expr,<b>Tu veux-tu</b> un café ?,<b>Хочешь</b> кофе?,Québec. Redoublement interrogatif typique.,❓,québec_expr
tu m'niaises,ты шутишь?; серьёзно?,expr,<b>Tu m'niaises</b> ? C'est vraiment toi qui as gagné ?,<b>Ты шутишь</b>? Это правда ты выиграл?,"Niaiser = plaisanter, embêter. Québec.",😲,québec_expr
être chaud,быть пьяным,expr,"Après trois bières, il était déjà <b>chaud</b>.",После трёх пива он уже был <b>пьян</b>.,"Québec. France: être bourré, ivre.",🍺🥴,québec_expr
être fin,быть милым; добрым,expr,"Ton voisin est vraiment <b>fin</b>, il m'a aidé avec mes valises.","Твой сосед очень <b>милый</b>, помог мне с чемоданами.","Québec. France: gentil, aimable.",😊💕,québec_expr
être smatt,быть классным; симпатичным,expr,C'est <b>smatt</b> de ta part de m'aider.,<b>Классно</b> с твоей стороны помочь мне.,De l'anglais smart. Québec.,😎👍,québec_expr
magané,потрёпанный; изношенный,expr,"Après ce voyage, je suis vraiment <b>magané</b>.",После этой поездки я совсем <b>измотан</b>.,Québec. Aussi: abîmé (pour objets).,😩,québec_expr
chauffer,водить (машину),v,C'est mon père qui <b>chauffe</b> ce soir.,Сегодня вечером за рулём <b>мой папа</b>.,Québec. France: conduire.,🚘,québec_vocab
le gaz,бензин,m,Il faut mettre du <b>gaz</b> dans le char.,Надо <b>заправить</b> машину.,Québec. France: l'essence.,⛽,québec_vocab
gazer; tinker,заправляться,v,Je dois <b>gazer</b> avant de partir.,Мне нужно <b>заправиться</b> перед отъездом.,Québec. France: faire le plein.,⛽,québec_vocab
une license,водительские права,f,J'ai eu ma <b>license</b> à 16 ans.,Я получил <b>права</b> в 16 лет.,Québec. Англицизм (фр. licence). France: le permis de conduire.,🪪,québec_vocab
parquer,парковать,v,Tu peux <b>parquer</b> ton char ici.,Можешь <b>припарковать</b> машину здесь.,Québec. France: garer.,🅿️,québec_vocab
une valise,багажник (авто),f,Mets les sacs dans la <b>valise</b>.,Положи сумки в <b>багажник</b>.,Québec. France: le coffre. ⚠️ Faux ami!,🧳,québec_vocab
un bicycle,велосипед,m,Je vais au travail en <b>bicycle</b>.,Я езжу на работу на <b>велосипеде</b>.,Québec. France: un vélo.,🚲,québec_vocab
le déjeuner,завтрак,m,Je prends mon <b>déjeuner</b> à 7h.,Я <b>завтракаю</b> в 7 утра.,Québec. France: petit-déjeuner.,🍳,québec_vocab
le dîner,обед,m,On se voit pour le <b>dîner</b> à midi ?,Увидимся на <b>обед</b> в полдень?,Québec. France: déjeuner.,🥗,québec_vocab
le souper,ужин,m,Le <b>souper</b> est prêt !,<b>Ужин</b> готов!,Québec. France: le dîner.,🍽️,québec_vocab
un breuvage,напиток,m,Tu veux un <b>breuvage</b> ?,Хочешь <b>напиток</b>?,Québec. France: une boisson.,🥤,québec_vocab
la broue,пиво,f,On va prendre une <b>broue</b> après le travail ?,Пойдём выпьем <b>пива</b> после работы?,Québec. Familier. France: une bière.,🍺,québec_vocab
le blé d'Inde,кукуруза,m,J'adore le <b>blé d'Inde</b> grillé l'été.,Обожаю жареную <b>кукурузу</b> летом.,Québec. France: le maïs.,🌽,québec_vocab
un bleuet,черника,m,On va cueillir des <b>bleuets</b> au Lac-Saint-Jean.,Едем собирать <b>чернику</b> на Лак-Сен-Жан.,Québec. France: une myrtille.,🫐,québec_vocab
la crème glacée,мороженое,f,Je veux de la <b>crème glacée</b> au chocolat.,Хочу шоколадное <b>мороженое</b>.,Québec. France: une glace.,🍦,québec_vocab
les bines,фасоль; бобы,f_pl,"Les <b>bines</b> au lard, c'est typiquement québécois.",<b>Фасоль</b> с беконом — типично квебекское блюдо.,Québec. De l'anglais beans.,🫘,québec_vocab
une échalote,зелёный лук,f,Ajoute des <b>échalotes</b> dans la salade.,Добавь <b>зелёного лука</b> в салат.,Québec. France: un oignon vert. ⚠️ Faux ami!,🧅,québec_vocab
un chum,парень; бойфренд,m,"Je te présente mon <b>chum</b>, Marc.","Познакомься, это мой <b>парень</b> Марк.","Québec. France: copain, petit ami.",👦💕,québec_vocab
une blonde,девушка; подруга,f,Ma <b>blonde</b> vient du Saguenay.,Моя <b>девушка</b> из Сагенея.,Québec. France: copine. ⚠️ Pas la couleur des cheveux!,👩💕,québec_vocab
un chum de gars,друг (мужчина),m,"C'est mon <b>chum de gars</b>, on se connaît depuis 20 ans.","Это мой <b>друг</b>, мы знакомы 20 лет.",Québec. Pour différencier de chum (amoureux).,👬,québec_vocab
donner un bec,поцеловать (в щёку),expr,Donne-moi un <b>bec</b> avant de partir !,<b>Поцелуй</b> меня перед уходом!,Québec. France: faire la bise.,💋,québec_vocab
une tuque,шапка; вязаная шапка,f,"Mets ta <b>tuque</b>, il fait frette !","Надень <b>шапку</b>, холодно!",Québec. France: un bonnet.,🧢,québec_vocab
des mitaines,варежки; перчатки,f_pl,N'oublie pas tes <b>mitaines</b> !,Не забудь <b>варежки</b>!,"Québec. France: des moufles, des gants.",🧤,québec_vocab
des bas,носки,m_pl,Il me faut des <b>bas</b> chauds pour l'hiver.,Мне нужны тёплые <b>носки</b> на зиму.,Québec. France: des chaussettes.,🧦,québec_vocab
des bobettes,трусы; нижнее бельё,f_pl,Change tes <b>bobettes</b> !,Смени <b>трусы</b>!,"Québec. Familier. France: slip, caleçon.",🩲,québec_vocab
des gougounes,шлёпанцы; сланцы,f_pl,"En été, je porte toujours des <b>gougounes</b>.",Летом я всегда ношу <b>шлёпанцы</b>.,Québec. Aussi: babouches. France: des tongs.,🩴,québec_vocab
des espadrilles,кроссовки,f_pl,J'ai acheté des nouvelles <b>espadrilles</b> pour courir.,Купил новые <b>кроссовки</b> для бега.,Québec. France: des baskets. ⚠️ Faux ami!,👟,québec_vocab
un costume de bain,купальник; плавки,m,N'oublie pas ton <b>costume de bain</b> pour la piscine.,Не забудь <b>купальник</b> для бассейна.,Québec. France: maillot de bain.,🩱,québec_vocab
un dépanneur; un dep,магазинчик; минимаркет,m,Je vais au <b>dep</b> chercher du lait.,Иду в <b>магазин</b> за молоком.,"Québec uniquement. France: supérette, épicerie.",🏪,québec_vocab
magasiner,ходить по магазинам,v,J'aime <b>magasiner</b> le samedi.,Люблю <b>ходить по магазинам</b> в субботу.,Québec. France: faire du shopping.,🛍️,québec_vocab
une piasse; une piastre,доллар (канадский),f,Ça coûte dix <b>piasses</b>.,Это стоит десять <b>баксов</b>.,Québec. Familier.,💵,québec_vocab
le tip,чаевые,m,N'oublie pas de laisser un <b>tip</b>.,Не забудь оставить <b>чаевые</b>.,Québec (anglicisme). France: le pourboire.,💰,québec_vocab
tiper,давать чаевые,v,"Au Québec, on <b>tipe</b> 15-20%.",В Квебеке <b>дают чаевые</b> 15-20%.,Québec. France: laisser un pourboire.,💸,québec_vocab
la fin de semaine,выходные,f,Qu'est-ce que tu fais en <b>fin de semaine</b> ?,Что делаешь на <b>выходных</b>?,Québec. France: le week-end.,📅,québec_vocab
la fête,день рождения,f,"C'est ma <b>fête</b> demain, j'ai 30 ans !","Завтра мой <b>день рождения</b>, мне 30!",Québec. France: anniversaire.,🎂,québec_vocab
un courriel,электронная почта; имейл,m,Envoie-moi un <b>courriel</b> avec les détails.,Отправь мне <b>имейл</b> с деталями.,"Québec (officiel). France: e-mail, mail.",📧,québec_vocab
un cellulaire,мобильный телефон,m,Appelle-moi sur mon <b>cellulaire</b>.,Позвони мне на <b>мобильный</b>.,Québec. France: un portable.,📱,québec_vocab
barrer,закрывать на ключ,v,N'oublie pas de <b>barrer</b> la porte.,Не забудь <b>закрыть</b> дверь на ключ.,Québec. France: fermer à clé.,🔐,québec_vocab
canceller,отменять,v,J'ai dû <b>canceller</b> mon rendez-vous.,Мне пришлось <b>отменить</b> встречу.,Québec (anglicisme). France: annuler.,❌,québec_vocab
une débarbouillette,мочалка для лица,f,Passe-moi la <b>débarbouillette</b>.,Передай мне <b>мочалку</b>.,Québec. France: gant de toilette.,🧽,québec_vocab
une laveuse,стиральная машина,f,La <b>laveuse</b> est au sous-sol.,<b>Стиральная машина</b> в подвале.,Québec. France: machine à laver.,🧺,québec_vocab
une sécheuse,сушильная машина,f,Mets le linge dans la <b>sécheuse</b>.,Положи бельё в <b>сушилку</b>.,Québec. France: sèche-linge.,👕,québec_vocab
la pâte à dents,зубная паста,f,Il me faut de la <b>pâte à dents</b>.,Мне нужна <b>зубная паста</b>.,Québec. France: le dentifrice.,🦷,québec_vocab
frette,холодно (о погоде),adj,"Il fait <b>frette</b> aujourd'hui, moins 30 !","Сегодня <b>холодно</b>, минус 30!",Québec. Prononciation de froid.,🥶,québec_vocab
un maringouin,комар,m,Les <b>maringouins</b> sont terribles cet été.,<b>Комары</b> ужасные этим летом.,Québec. France: un moustique.,🦟,québec_vocab
une bibitte,насекомое; букашка,f,Il y a une <b>bibitte</b> dans ma chambre !,В моей комнате <b>какое-то насекомое</b>!,Québec. Familier. France: un insecte.,🐛,québec_vocab
la poudrerie,метель; позёмка,f,"Attention sur la route, il y a de la <b>poudrerie</b>.","Осторожно на дороге, там <b>позёмка</b>.",Québec. France: le blizzard.,❄️🌬️,québec_vocab
la slotche,снежная каша,f,Il y a de la <b>slotche</b> partout sur les trottoirs.,Везде на тротуарах <b>снежная каша</b>.,Québec. France: neige fondue.,🌨️,québec_vocab
tabarnak,блин!; чёрт! (сильное),interj,"<b>Tabarnak</b>, j'ai raté mon bus !","<b>Чёрт</b>, я опоздал на автобус!",⚠️ Vulgaire. Origine: tabernacle (церковный ковчег). Самый сильный sacre.,🤬,québec_sacres
câlice; calice,блин!; чёрт!,interj,"<b>Câlice</b>, il pleut encore !","<b>Чёрт</b>, опять дождь!",⚠️ Vulgaire. Origine: calice (чаша для причастия).,😤,québec_sacres
crisse; criss,чёрт!; блин!,interj,<b>Crisse</b> que c'est beau le Québec !,"<b>Чёрт</b>, как красиво в Квебеке!",⚠️ Vulgaire. Origine: Christ. Aussi adverbe: crissement.,😠,québec_sacres
ostie; osti,блин!; чёрт!,interj,<b>Ostie</b> que j'suis tanné !,"<b>Блин</b>, как я устал!",⚠️ Vulgaire. Origine: hostie (облатка для причастия).,😤,québec_sacres
sacrament,чёрт побери!,interj,"<b>Sacrament</b>, j'ai oublié mes clés !","<b>Чёрт побери</b>, я забыл ключи!",⚠️ Vulgaire. Origine: sacrement (таинство).,🤦,québec_sacres
ciboire,чёрт!; блин!,interj,"<b>Ciboire</b>, c'est cher !","<b>Блин</b>, как дорого!",⚠️ Vulgaire. Origine: ciboire (дароносица).,😲,québec_sacres
baptême,чёрт!,interj,"<b>Baptême</b>, qu'est-ce qui s'est passé ?","<b>Чёрт</b>, что случилось?",⚠️ Vulgaire. Origine: baptême (крещение).,😯,québec_sacres
maudit,чёртов; проклятый,adj,Cette <b>maudite</b> machine ne marche pas !,Эта <b>чёртова</b> машина не работает!,⚠️ Familier/Vulgaire. Origine: maudit (проклятый).,👿,québec_sacres
tabarnouche,блин! (мягкая форма),interj,"<b>Tabarnouche</b>, j'ai encore perdu !","<b>Блин</b>, я опять проиграл!",Euphémisme de tabarnak. Менее грубо.,😅,québec_sacres
câline; câline de bine,блин! (мягкая форма),interj,"<b>Câline</b>, c'est compliqué !","<b>Блин</b>, это сложно!",Euphémisme de câlice. Acceptable.,😊,québec_sacres
crime,блин! (мягкая форма),interj,"<b>Crime</b>, j'ai oublié !","<b>Блин</b>, я забыл!",Euphémisme de crisse. Acceptable.,🙄,québec_sacres
mautadit,чёртов (мягкая форма),adj,Ce <b>mautadit</b> ordinateur est lent !,Этот <b>чёртов</b> компьютер тормозит!,Euphémisme de maudit. Менее грубо.,💻,québec_sacres
simonac,чёрт! (мягкая форма),interj,"<b>Simonac</b>, c'est loin !","<b>Чёрт</b>, как далеко!",Euphémisme. Acceptable.,😮,québec_sacres
viarge,чёрт! (мягкая форма),interj,"<b>Viarge</b>, il fait chaud !","<b>Чёрт</b>, как жарко!",Euphémisme (от Vierge Marie). Acceptable.,🥵,québec_sacres
mosus,чёртов (мягкая форма),adj,Ce <b>mosus</b> de projet prend du temps !,Этот <b>чёртов</b> проект занимает много времени!,Euphémisme. Acceptable.,😤,québec_sacres
être en tabarnak,быть в ярости,expr,Mon père était <b>en tabarnak</b> quand il a vu la facture.,"Мой папа был <b>в ярости</b>, когда увидел счёт.",⚠️ Vulgaire. Sacre comme adverbe d'intensité.,🤬😡,québec_sacres
en crisse,очень; ужасно (интенсификатор),expr,Il fait froid <b>en crisse</b> !,<b>Ужасно</b> холодно!,⚠️ Vulgaire. Sacre comme intensificateur.,🥶,québec_sacres
crissement,очень; чертовски,adv,C'est <b>crissement</b> bon !,Это <b>чертовски</b> вкусно!,⚠️ Vulgaire. Dérivé de crisse.,😋,québec_sacres
Mieux vaut prévenir que guérir.,"Лучше предупредить, чем лечить.",expr,<b>Mieux vaut prévenir que guérir</b> : faites-vous vacciner !,"<b>Лучше предупредить, чем лечить</b>: сделайте прививку!",Proverbe. О профилактике и предусмотрительности.,💉🛡️,proverbes
Petit à petit l'oiseau fait son nid.,Терпение и труд всё перетрут.,expr,"Ne te décourage pas, <b>petit à petit l'oiseau fait son nid</b>.","Не отчаивайся, <b>терпение и труд всё перетрут</b>.",Proverbe. О терпении и настойчивости.,🐦🪺,proverbes
C'est en forgeant qu'on devient forgeron.,Повторение — мать учения.,expr,"Continue à pratiquer, <b>c'est en forgeant qu'on devient forgeron</b>.","Продолжай практиковаться, <b>повторение — мать учения</b>.",Proverbe. О практике и мастерстве. Дословно: куя становятся кузнецом.,🔨⚒️,proverbes
L'habit ne fait pas le moine.,Внешность обманчива.,expr,"Il a l'air pauvre, mais <b>l'habit ne fait pas le moine</b>.","Он выглядит бедным, но <b>внешность обманчива</b>.",Proverbe. Дословно: одежда не делает монаха. Также: по одёжке встречают.,👔🧑‍⚖️,proverbes
"Après la pluie, le beau temps.",После дождя будет солнце.,expr,"Ne t'inquiète pas, <b>après la pluie, le beau temps</b>.","Не волнуйся, <b>после дождя будет солнце</b>.",Proverbe. Плохое сменится хорошим.,🌧️☀️,proverbes
Tout vient à point à qui sait attendre.,Всё приходит к тому кто ждёт.,expr,"Sois patient, <b>tout vient à point à qui sait attendre</b>.","Будь терпелив, <b>всё приходит к тому, кто умеет ждать</b>.",Proverbe. О терпении.,⏳✨,proverbes
Rome ne s'est pas faite en un jour.,Москва не сразу строилась.,expr,"Ce projet prend du temps, <b>Rome ne s'est pas faite en un jour</b>.","Проект занимает время, <b>Рим не за один день построили</b>.",Proverbe. Великие дела требуют времени.,🏛️📅,proverbes
Qui veut la fin veut les moyens.,Цель оправдывает средства.,expr,"Pour réussir, il faut travailler : <b>qui veut la fin veut les moyens</b>.","Чтобы добиться успеха, надо работать: <b>цель оправдывает средства</b>.",Proverbe. О готовности использовать все способы.,🎯💪,proverbes
L'argent ne fait pas le bonheur.,Не в деньгах счастье.,expr,Il est riche mais malheureux : <b>l'argent ne fait pas le bonheur</b>.,"Он богат, но несчастен: <b>не в деньгах счастье</b>.",Proverbe. Деньги — не главное.,💰😊,proverbes
Les bons comptes font les bons amis.,Счёт дружбы не портит.,expr,"Rembourse-moi ce soir, <b>les bons comptes font les bons amis</b>.","Верни мне сегодня вечером, <b>счёт дружбы не портит</b>.",Proverbe. О честности в денежных делах.,💵🤝,proverbes
"Aide-toi, le ciel t'aidera.","На Бога надейся, а сам не плошай.",expr,"N'attends pas un miracle, <b>aide-toi, le ciel t'aidera</b>.","Не жди чуда, <b>на Бога надейся, а сам не плошай</b>.",Proverbe. О необходимости действовать самому.,🙏💪,proverbes
On ne fait pas d'omelette sans casser des œufs.,Лес рубят — щепки летят.,expr,"Il y aura des sacrifices, <b>on ne fait pas d'omelette sans casser des œufs</b>.","Будут жертвы, <b>лес рубят — щепки летят</b>.",Proverbe. О неизбежных издержках.,🥚🍳,proverbes
Tout ce qui brille n'est pas or.,"Не всё то золото, что блестит.",expr,"Méfie-toi de cette offre, <b>tout ce qui brille n'est pas or</b>.","Не доверяй этому предложению, <b>не всё то золото, что блестит</b>.",Proverbe. Внешность обманчива.,✨💎,proverbes
À cheval donné on ne regarde pas les dents.,Дарёному коню в зубы не смотрят.,expr,"C'est gratuit, <b>à cheval donné on ne regarde pas les dents</b>.","Это бесплатно, <b>дарёному коню в зубы не смотрят</b>.",Proverbe. О благодарности за подарки.,🐴🎁,proverbes
Il ne faut pas remettre à demain ce qu'on peut faire aujourd'hui.,"Не откладывай на завтра то, что можно сделать сегодня.",expr,"Fais-le maintenant, <b>il ne faut pas remettre à demain ce qu'on peut faire aujourd'hui</b>.","Сделай сейчас, <b>не откладывай на завтра</b>.",Proverbe. О своевременности действий.,📅✅,proverbes
Il n'y a pas de fumée sans feu.,Нет дыма без огня.,expr,Ces rumeurs... <b>Il n'y a pas de fumée sans feu</b>.,Эти слухи... <b>Нет дыма без огня</b>.,Proverbe. Слухи имеют основание.,💨🔥,proverbes
À l'impossible nul n'est tenu.,Невозможного не требуют.,expr,"J'ai fait de mon mieux, <b>à l'impossible nul n'est tenu</b>.","Я сделал всё возможное, <b>невозможного не требуют</b>.",Proverbe. О разумных ожиданиях.,🚫💯,proverbes
"Quand le vin est tiré, il faut le boire.",Назвался груздем — полезай в кузов.,expr,"Tu as commencé, <b>quand le vin est tiré, il faut le boire</b>.","Ты начал, <b>назвался груздем — полезай в кузов</b>.",Proverbe. О завершении начатого.,🍷✊,proverbes
Chat échaudé craint l'eau froide.,"Обжёгшись на молоке, дуют на воду.",expr,"Après son accident, <b>chat échaudé craint l'eau froide</b>.",После аварии он <b>дует на воду</b>.,Proverbe. Об осторожности после неудачи.,🐱💧,proverbes
"À bon chat, bon rat.",Нашла коса на камень.,expr,"Il a trouvé un adversaire à sa mesure : <b>à bon chat, bon rat</b>.",Он нашёл достойного соперника: <b>нашла коса на камень</b>.,Proverbe. О равных противниках.,🐱🐭,proverbes
"Quand le chat n'est pas là, les souris dansent.",Кот из дому — мыши в пляс.,expr,"Le patron est absent, <b>quand le chat n'est pas là, les souris dansent</b> !","Начальника нет, <b>кот из дому — мыши в пляс</b>!",Proverbe. О поведении без контроля.,🐱🐭💃,proverbes
La nuit tous les chats sont gris.,Ночью все кошки серы.,expr,"Dans l'obscurité, difficile de distinguer, <b>la nuit tous les chats sont gris</b>.","В темноте трудно различить, <b>ночью все кошки серы</b>.",Proverbe. В темноте всё одинаково.,🌙🐱,proverbes
"Les chiens aboient, la caravane passe.",Собаки лают — караван идёт.,expr,"Ignore les critiques, <b>les chiens aboient, la caravane passe</b>.","Игнорируй критику, <b>собаки лают, караван идёт</b>.",Proverbe. Не обращай внимание на критиков.,🐕🐫,proverbes
Les chiens ne font pas des chats.,Яблоко от яблони недалеко падает.,expr,"Son fils lui ressemble, <b>les chiens ne font pas des chats</b>.","Сын похож на него, <b>яблоко от яблони недалеко падает</b>.",Proverbe. О наследственности.,🐕🐱,proverbes
Qui couche avec des chiens se lève avec des puces.,"С кем поведёшься, от того и наберёшься.",expr,Fais attention à tes fréquentations : <b>qui couche avec des chiens se lève avec des puces</b>.,"Смотри, с кем дружишь: <b>с кем поведёшься, от того и наберёшься</b>.",Proverbe. О влиянии окружения.,🐕🦟,proverbes
La faim chasse le loup hors du bois.,Голод не тётка.,expr,"Il a dû accepter ce travail, <b>la faim chasse le loup hors du bois</b>.","Ему пришлось согласиться, <b>голод не тётка</b>.",Proverbe. Нужда заставляет действовать.,🐺🌲,proverbes
Les loups ne se mangent pas entre eux.,Ворон ворону глаз не выклюет.,expr,"Les politiciens se protègent, <b>les loups ne se mangent pas entre eux</b>.","Политики защищают друг друга, <b>ворон ворону глаз не выклюет</b>.",Proverbe. О солидарности среди своих.,🐺🤝,proverbes
"Quand on parle du loup, on en voit la queue.",Лёгок на помине.,expr,"Tiens, le voilà ! <b>Quand on parle du loup, on en voit la queue</b>.","О, вот и он! <b>Лёгок на помине</b>.",Proverbe. Когда говорят о ком-то — он появляется.,🐺👀,proverbes
Ce n'est pas à un vieux singe qu'on apprend à faire des grimaces.,Яйца курицу не учат.,expr,"Je connais ces astuces, <b>ce n'est pas à un vieux singe qu'on apprend à faire des grimaces</b>.","Я знаю эти трюки, <b>яйца курицу не учат</b>.",Proverbe. Об опыте старших.,🐒😏,proverbes
Une hirondelle ne fait pas le printemps.,Одна ласточка весны не делает.,expr,"Un succès ne suffit pas, <b>une hirondelle ne fait pas le printemps</b>.","Одного успеха мало, <b>одна ласточка весны не делает</b>.",Proverbe. Единичный случай не показателен.,🐦🌸,proverbes
On a souvent besoin d'un plus petit que soi.,И маленький может пригодиться.,expr,"N'ignore personne, <b>on a souvent besoin d'un plus petit que soi</b>.","Не пренебрегай никем, <b>и маленький может пригодиться</b>.",Proverbe. Из басни Лафонтена. О взаимопомощи.,🐭🦁,proverbes
Pierre qui roule n'amasse pas mousse.,"Кому на месте не сидится, тот добра не наживёт.",expr,"À force de changer de travail, <b>pierre qui roule n'amasse pas mousse</b>.","Часто меняя работу, <b>ничего не накопишь</b>.",Proverbe. О стабильности и постоянстве.,🪨🌿,proverbes
C'est au pied du mur qu'on voit le maçon.,Видно мастера по работе.,expr,"On verra s'il est compétent, <b>c'est au pied du mur qu'on voit le maçon</b>.","Посмотрим, компетентен ли он, <b>видно мастера по работе</b>.",Proverbe. Дословно: у стены виден каменщик. О проверке делом.,🧱👷,proverbes
Les cordonniers sont les plus mal chaussés.,Сапожник без сапог.,expr,Ce médecin fume ! <b>Les cordonniers sont les plus mal chaussés</b>.,Этот врач курит! <b>Сапожник без сапог</b>.,Proverbe. О том кто не применяет навыки к себе.,👞🔧,proverbes
Mieux vaut tard que jamais.,"Лучше поздно, чем никогда.",expr,Tu as fini ? <b>Mieux vaut tard que jamais</b> !,"Ты закончил? <b>Лучше поздно, чем никогда</b>!",Proverbe. Лучше сделать поздно чем не сделать.,⏰✅,proverbes
À chaque jour suffit sa peine.,Будет день — будет пища.,expr,"Ne t'inquiète pas pour demain, <b>à chaque jour suffit sa peine</b>.","Не беспокойся о завтра, <b>будет день — будет пища</b>.",Proverbe. Из Библии. Жить настоящим.,📅😌,proverbes
Faute avouée est à moitié pardonnée.,Повинную голову меч не сечёт.,expr,"Admets ton erreur, <b>faute avouée est à moitié pardonnée</b>.","Признай ошибку, <b>повинную голову меч не сечёт</b>.",Proverbe. О признании вины.,🙏😇,proverbes
Faute de grives on mange des merles.,На безрыбье и рак рыба.,expr,"Pas de restaurant ? On mange ici, <b>faute de grives on mange des merles</b>.","Нет ресторана? Едим здесь, <b>на безрыбье и рак рыба</b>.",Proverbe. Довольствоваться тем что есть.,🐦🍽️,proverbes
Qui sème le vent récolte la tempête.,"Кто сеет ветер, пожнёт бурю.",expr,"Il a été méchant, <b>qui sème le vent récolte la tempête</b>.","Он поступал плохо, <b>кто сеет ветер, пожнёт бурю</b>.",Proverbe. О последствиях плохих поступков.,🌬️🌪️,proverbes
Qui se ressemble s'assemble.,Рыбак рыбака видит издалека.,expr,"Ils sont devenus amis, <b>qui se ressemble s'assemble</b>.","Они подружились, <b>рыбак рыбака видит издалека</b>.",Proverbe. Похожие люди сближаются.,👯‍♂️,proverbes
"Vouloir, c'est pouvoir.","Где хотенье, там и уменье.",expr,"Tu peux réussir si tu le veux vraiment, <b>vouloir c'est pouvoir</b>.","Ты сможешь, если захочешь, <b>где хотенье, там и уменье</b>.",Proverbe. О силе воли.,💪🎯,proverbes
"Loin des yeux, loin du cœur.",С глаз долой — из сердца вон.,expr,"Depuis qu'il est parti, <b>loin des yeux, loin du cœur</b>.","С тех пор как он уехал, <b>с глаз долой — из сердца вон</b>.",Proverbe. О забывании тех кто далеко.,👀💔,proverbes
L'appétit vient en mangeant.,Аппетит приходит во время еды.,expr,"Goûte d'abord, <b>l'appétit vient en mangeant</b>.","Сначала попробуй, <b>аппетит приходит во время еды</b>.",Proverbe. Интерес растёт в процессе.,🍽️😋,proverbes
"Qui ne risque rien, n'a rien.","Кто не рискует, тот не пьёт шампанского.",expr,Lance-toi ! <b>Qui ne risque rien n'a rien</b>.,"Попробуй! <b>Кто не рискует, тот не пьёт шампанского</b>.",Proverbe. О необходимости рисковать.,🎲🏆,proverbes
Rira bien qui rira le dernier.,"Хорошо смеётся тот, кто смеётся последним.",expr,"Ne te moque pas trop vite, <b>rira bien qui rira le dernier</b>.","Не смейся слишком рано, <b>хорошо смеётся тот, кто смеётся последним</b>.",Proverbe. О конечном результате.,😂🏁,proverbes
Il faut battre le fer tant qu'il est chaud.,"Куй железо, пока горячо.",expr,C'est le moment ! <b>Il faut battre le fer tant qu'il est chaud</b>.,"Сейчас самое время! <b>Куй железо, пока горячо</b>.",Proverbe. О своевременности действий.,🔨🔥,proverbes
Qui vivra verra.,Поживём — увидим.,expr,"On ne sait pas ce qui arrivera, <b>qui vivra verra</b>.","Неизвестно, что будет, <b>поживём — увидим</b>.",Proverbe. О неопределённости будущего.,🔮⏳,proverbes
"Tel père, tel fils.","Каков отец, таков и сын.",expr,"Il est médecin comme son père, <b>tel père, tel fils</b>.","Он врач, как и его отец, <b>каков отец, таков и сын</b>.",Proverbe. О наследственности.,👨‍👦,proverbes
Toute vérité n'est pas bonne à dire.,Не всякую правду сказывай.,expr,"Parfois il vaut mieux se taire, <b>toute vérité n'est pas bonne à dire</b>.","Иногда лучше промолчать, <b>не всякую правду сказывай</b>.",Proverbe. О тактичности.,🤫,proverbes
"Pas de nouvelles, bonnes nouvelles.",Отсутствие новостей — хорошая новость.,expr,"Il n'appelle pas ? <b>Pas de nouvelles, bonnes nouvelles</b>.",Он не звонит? <b>Отсутствие новостей — хорошая новость</b>.,Proverbe. Молчание — хороший знак.,📵😊,proverbes
Mieux vaut être seul que mal accompagné.,"Лучше быть одному, чем в плохой компании.",expr,"Je préfère rester chez moi, <b>mieux vaut être seul que mal accompagné</b>.","Лучше останусь дома, <b>лучше быть одному, чем в плохой компании</b>.",Proverbe. О выборе окружения.,🚶‍♂️👋,proverbes
"La parole est d'argent, le silence est d'or.","Слово — серебро, молчание — золото.",expr,"Parfois il vaut mieux se taire, <b>la parole est d'argent, le silence est d'or</b>.","Иногда лучше промолчать, <b>слово — серебро, молчание — золото</b>.",Proverbe. О ценности молчания.,🗣️🤐,proverbes
Les murs ont des oreilles.,И у стен есть уши.,expr,"Parle moins fort, <b>les murs ont des oreilles</b>.","Говори тише, <b>и у стен есть уши</b>.",Proverbe. О том что могут подслушать.,🧱👂,proverbes
"Chose promise, chose due.",Давши слово — держи.,expr,"Tu as promis, <b>chose promise, chose due</b>.","Ты обещал, <b>давши слово — держи</b>.",Proverbe. Дословно: обещанное — должное. Об обязательности обещаний.,🤝✅,proverbes
Chacun voit midi à sa porte.,Своя рубашка ближе к телу.,expr,"Il défend ses intérêts, <b>chacun voit midi à sa porte</b>.","Он защищает свои интересы, <b>своя рубашка ближе к телу</b>.",Proverbe. О субъективности взглядов.,🚪☀️,proverbes
Il n'est pire sourd que celui qui ne veut pas entendre.,"Нет хуже глухого, чем тот кто не хочет слышать.",expr,"J'ai beau lui expliquer, <b>il n'est pire sourd que celui qui ne veut pas entendre</b>.","Сколько ни объясняй, <b>нет хуже глухого, чем тот, кто не хочет слышать</b>.",Proverbe. О нежелании понимать.,👂🙉,proverbes
Bien mal acquis ne profite jamais.,Чужое добро впрок не идёт.,expr,"Il a volé et tout perdu, <b>bien mal acquis ne profite jamais</b>.","Он украл и всё потерял, <b>чужое добро впрок не идёт</b>.",Proverbe. О нечестно нажитом.,💰❌,proverbes
"À père avare, fils prodigue.",У скупого отца расточительный сын.,expr,"Son père économisait, lui dépense tout : <b>à père avare, fils prodigue</b>.","Отец копил, а он всё тратит: <b>у скупого отца расточительный сын</b>.",Proverbe. О контрасте поколений.,💵👨‍👦,proverbes
d'abord,сначала; во-первых,adv,"<b>D'abord</b>, je vais présenter le contexte.",<b>Сначала</b> я представлю контекст.,"Connecteur de séquence. TEF Expression Écrite. Synonyme: tout d'abord, premièrement.",1️⃣,connecteurs
ensuite,затем; потом,adv,"<b>Ensuite</b>, nous analyserons les causes.",<b>Затем</b> мы проанализируем причины.,"Connecteur de séquence. TEF. Synonyme: puis, après.",2️⃣,connecteurs
enfin,наконец; в конце концов,adv,"<b>Enfin</b>, nous proposerons des solutions.","<b>Наконец</b>, мы предложим решения.",Connecteur de séquence/conclusion. TEF. Synonyme: finalement.,🏁,connecteurs
puis,потом; затем,adv,"J'ai lu l'article, <b>puis</b> j'ai pris des notes.","Я прочитал статью, <b>затем</b> сделал заметки.",Connecteur de séquence. Plus neutre que ensuite.,➡️,connecteurs
de plus,кроме того; более того,adv,"<b>De plus</b>, cette solution est économique.","<b>Кроме того</b>, это решение экономичное.",Connecteur d'addition. TEF B2. Synonyme: en outre.,➕,connecteurs
en outre,кроме того; помимо этого,adv,"<b>En outre</b>, il faut considérer l'aspect environnemental.","<b>Кроме того</b>, нужно учитывать экологический аспект.",Connecteur d'addition. Formel. TEF B2.,➕,connecteurs
par ailleurs,с другой стороны; кроме того,adv,"<b>Par ailleurs</b>, d'autres études confirment ces résultats.","<b>Кроме того</b>, другие исследования подтверждают эти результаты.",Connecteur d'addition. Formel. TEF B2.,📎,connecteurs
également,также; тоже,adv,Cette méthode est <b>également</b> utilisée en médecine.,Этот метод <b>также</b> используется в медицине.,Connecteur d'addition. Neutre.,🔄,connecteurs
aussi,также; тоже,adv,"Il parle français, <b>aussi</b> parle-t-il anglais.","Он говорит по-французски, <b>также</b> он говорит по-английски.",⚠️ En début de phrase: inversion sujet-verbe!,🔄,connecteurs
cependant,однако; тем не менее,adv,"Le projet est ambitieux ; <b>cependant</b>, il est réalisable.",Проект амбициозный; <b>однако</b> он реализуем.,Connecteur d'opposition. TEF B2. Très fréquent.,↔️,connecteurs
néanmoins,тем не менее; всё же,adv,"Il pleut ; <b>néanmoins</b>, je vais sortir.","Идёт дождь; <b>тем не менее</b>, я выйду.",Connecteur d'opposition. Formel. TEF B2.,↔️,connecteurs
toutefois,однако; впрочем,adv,"Cette idée est intéressante ; <b>toutefois</b>, elle pose des problèmes.",Эта идея интересная; <b>однако</b> она создаёт проблемы.,Connecteur d'opposition. Formel. TEF B2.,↔️,connecteurs
pourtant,однако; тем не менее,adv,"Il a étudié, <b>pourtant</b> il a échoué.","Он учился, <b>однако</b> провалился.",Connecteur d'opposition. Exprime la surprise.,❗↔️,connecteurs
en revanche,зато; напротив,adv,"Ce restaurant est cher ; <b>en revanche</b>, la qualité est excellente.",Этот ресторан дорогой; <b>зато</b> качество отличное.,Connecteur d'opposition. TEF B2. ⚠️ Pas pour négatif→positif: par contre.,↔️,connecteurs
par contre,зато; с другой стороны,adv,"Je n'aime pas le café ; <b>par contre</b>, j'adore le thé.",Я не люблю кофе; <b>зато</b> обожаю чай.,Connecteur d'opposition. Plus familier que en revanche.,↔️,connecteurs
au contraire,наоборот; напротив,adv,"Il n'est pas paresseux ; <b>au contraire</b>, il travaille énormément.","Он не ленивый; <b>наоборот</b>, он работает очень много.",Connecteur d'opposition forte.,🔀,connecteurs
alors que,тогда как; в то время как,conj,Il dort <b>alors que</b> tout le monde travaille.,"Он спит, <b>тогда как</b> все работают.",Connecteur d'opposition. + indicatif.,↔️,connecteurs
tandis que,тогда как; в то время как,conj,Elle étudie <b>tandis que</b> son frère joue.,"Она учится, <b>тогда как</b> её брат играет.",Connecteur d'opposition. + indicatif. Plus formel.,↔️,connecteurs
bien que,хотя; несмотря на то что,conj,"<b>Bien que</b> fatigué, il a continué.","<b>Хотя</b> он устал, он продолжил.",Connecteur de concession. ⚠️ + SUBJONCTIF!,🤔,connecteurs
quoique,хотя,conj,"<b>Quoique</b> jeune, elle est très mature.","<b>Хотя</b> она молода, она очень зрелая.",Connecteur de concession. + subjonctif. Synonyme: bien que.,🤔,connecteurs
malgré,несмотря на,prep,"<b>Malgré</b> la pluie, nous sommes sortis.","<b>Несмотря на</b> дождь, мы вышли.",Connecteur de concession. + NOM (pas de verbe!).,🌧️✊,connecteurs
en dépit de,несмотря на; вопреки,prep,"<b>En dépit de</b> ses efforts, il a échoué.","<b>Несмотря на</b> его усилия, он потерпел неудачу.",Connecteur de concession. Formel. + NOM.,🌧️✊,connecteurs
car,потому что; так как,conj,"Je reste, <b>car</b> j'ai du travail.","Я остаюсь, <b>потому что</b> у меня работа.",Connecteur de cause. Plus formel que parce que.,🔍,connecteurs
parce que,потому что,conj,Je suis fatigué <b>parce que</b> j'ai mal dormi.,"Я устал, <b>потому что</b> плохо спал.",Connecteur de cause. Le plus courant.,🔍,connecteurs
puisque,раз уж; поскольку,conj,"<b>Puisque</b> tu es là, aide-moi.","<b>Раз уж</b> ты здесь, помоги мне.",Connecteur de cause. Cause évidente/connue.,🔍,connecteurs
comme,так как; поскольку,conj,"<b>Comme</b> il pleuvait, je suis resté.","<b>Так как</b> шёл дождь, я остался.",Connecteur de cause. En début de phrase uniquement.,🔍,connecteurs
étant donné que,учитывая что; поскольку,conj,"<b>Étant donné que</b> les prix augmentent, il faut économiser.","<b>Учитывая, что</b> цены растут, нужно экономить.",Connecteur de cause. Formel. TEF B2.,📊,connecteurs
vu que,учитывая что; поскольку,conj,"<b>Vu que</b> tu es malade, reste chez toi.","<b>Раз уж</b> ты болен, оставайся дома.",Connecteur de cause. Moins formel que étant donné que.,📊,connecteurs
en raison de,по причине; из-за,prep,Le vol est annulé <b>en raison de</b> la météo.,Рейс отменён <b>из-за</b> погоды.,Connecteur de cause. Formel. + NOM.,📊,connecteurs
à cause de,из-за,prep,Je suis en retard <b>à cause de</b> la circulation.,Я опоздал <b>из-за</b> пробок.,Connecteur de cause. ⚠️ Connotation négative!,😤,connecteurs
grâce à,благодаря,prep,J'ai réussi <b>grâce à</b> ton aide.,Я преуспел <b>благодаря</b> твоей помощи.,Connecteur de cause. ⚠️ Connotation positive!,😊,connecteurs
donc,следовательно; поэтому,adv,"Il pleut, <b>donc</b> je prends mon parapluie.","Идёт дождь, <b>поэтому</b> я беру зонт.",Connecteur de conséquence. Le plus courant.,➡️,connecteurs
alors,тогда; поэтому,adv,"Tu as fini ? <b>Alors</b>, on peut partir.",Ты закончил? <b>Тогда</b> можем идти.,Connecteur de conséquence. Oral/écrit.,➡️,connecteurs
par conséquent,следовательно; в результате,adv,"Il n'a pas étudié ; <b>par conséquent</b>, il a échoué.","Он не учился; <b>следовательно</b>, он провалился.",Connecteur de conséquence. Formel. TEF B2.,📌,connecteurs
en conséquence,в результате; следовательно,adv,"Le budget est réduit ; <b>en conséquence</b>, nous devons économiser.","Бюджет сокращён; <b>в результате</b>, мы должны экономить.",Connecteur de conséquence. Formel.,📌,connecteurs
c'est pourquoi,вот почему; поэтому,adv,"Je suis fatigué, <b>c'est pourquoi</b> je vais dormir.","Я устал, <b>вот почему</b> я иду спать.",Connecteur de conséquence. Très utilisé TEF.,📌,connecteurs
ainsi,таким образом; так,adv,"<b>Ainsi</b>, nous pouvons conclure que...","<b>Таким образом</b>, мы можем заключить, что...",Connecteur de conséquence/conclusion. Formel.,📌,connecteurs
de sorte que,так что; таким образом что,conj,"Il a travaillé dur, <b>de sorte qu'</b>il a réussi.","Он много работал, <b>так что</b> преуспел.",Connecteur de conséquence. + indicatif (fait réel).,➡️,connecteurs
si bien que,так что; в результате чего,conj,"Il a plu toute la journée, <b>si bien que</b> le match a été annulé.","Дождь шёл весь день, <b>так что</b> матч отменили.",Connecteur de conséquence. + indicatif.,➡️,connecteurs
pour,для; чтобы,prep,Je travaille <b>pour</b> gagner ma vie.,"Я работаю, <b>чтобы</b> зарабатывать на жизнь.",Connecteur de but. + infinitif.,🎯,connecteurs
pour que,чтобы; для того чтобы,conj,Je t'explique <b>pour que</b> tu comprennes.,"Я объясняю, <b>чтобы</b> ты понял.",Connecteur de but. ⚠️ + SUBJONCTIF!,🎯,connecteurs
afin de,чтобы; с целью,prep,Il étudie <b>afin de</b> réussir l'examen.,"Он учится, <b>чтобы</b> сдать экзамен.",Connecteur de but. Formel. + infinitif.,🎯,connecteurs
afin que,чтобы; для того чтобы,conj,Je te préviens <b>afin que</b> tu sois prêt.,"Я предупреждаю тебя, <b>чтобы</b> ты был готов.",Connecteur de but. Formel. + subjonctif.,🎯,connecteurs
de manière à,так чтобы,prep,Parle fort <b>de manière à</b> être entendu.,"Говори громко, <b>чтобы</b> тебя услышали.",Connecteur de but. + infinitif.,🎯,connecteurs
si,если,conj,"<b>Si</b> tu viens, appelle-moi.","<b>Если</b> придёшь, позвони мне.",Connecteur de condition. ⚠️ Si + présent → futur.,❓,connecteurs
à condition que,при условии что,conj,Je viendrai <b>à condition que</b> tu m'invites.,"Я приду <b>при условии, что</b> ты меня пригласишь.",Connecteur de condition. + subjonctif.,❓,connecteurs
à moins que,если только не; разве что,conj,Je partirai <b>à moins que</b> tu ne me retiennes.,"Я уйду, <b>если только</b> ты меня не удержишь.",Connecteur de condition. + subjonctif + ne explétif.,❓,connecteurs
pourvu que,лишь бы; при условии что,conj,<b>Pourvu que</b> tu sois heureux !,<b>Лишь бы</b> ты был счастлив!,Connecteur de condition/souhait. + subjonctif.,🤞,connecteurs
en cas de,в случае,prep,"<b>En cas de</b> problème, appelez-moi.",<b>В случае</b> проблемы звоните мне.,Connecteur de condition. + NOM.,❓,connecteurs
sinon,иначе; а то,adv,"Dépêche-toi, <b>sinon</b> tu seras en retard.","Торопись, <b>иначе</b> опоздаешь.",Connecteur de condition négative.,⚠️,connecteurs
par exemple,например,adv,"Certains fruits, <b>par exemple</b> les pommes, sont riches en fibres.","Некоторые фрукты, <b>например</b> яблоки, богаты клетчаткой.",Connecteur d'illustration. Très courant TEF.,📝,connecteurs
notamment,в частности; особенно,adv,"Il aime les sports, <b>notamment</b> le tennis.","Он любит спорт, <b>в частности</b> теннис.",Connecteur d'illustration. Formel.,📝,connecteurs
en particulier,в частности; особенно,adv,"J'aime la musique, <b>en particulier</b> le jazz.","Я люблю музыку, <b>особенно</b> джаз.",Connecteur d'illustration.,📝,connecteurs
c'est-à-dire,то есть,adv,"Il arrive demain, <b>c'est-à-dire</b> le 15 janvier.","Он приезжает завтра, <b>то есть</b> 15 января.",Connecteur d'explication. Abréviation: c.-à-d.,📖,connecteurs
autrement dit,другими словами; иначе говоря,adv,"C'est gratuit, <b>autrement dit</b>, ça ne coûte rien.","Это бесплатно, <b>другими словами</b>, это ничего не стоит.",Connecteur d'explication.,📖,connecteurs
en d'autres termes,другими словами,adv,"<b>En d'autres termes</b>, vous refusez ma proposition.","<b>Другими словами</b>, вы отклоняете моё предложение.",Connecteur d'explication. Formel.,📖,connecteurs
en effet,действительно; в самом деле,adv,"Il est malade ; <b>en effet</b>, il a de la fièvre.","Он болен; <b>действительно</b>, у него температура.",Connecteur de confirmation/explication. TEF B2.,✅,connecteurs
d'ailleurs,впрочем; кстати,adv,"Je n'ai pas faim, <b>d'ailleurs</b> je viens de manger.","Я не голоден, <b>впрочем</b>, я только что поел.",Connecteur d'addition/digression. Très courant.,💬,connecteurs
quant à,что касается,prep,"<b>Quant à</b> moi, je préfère rester.","<b>Что касается</b> меня, я предпочитаю остаться.",Connecteur de transition. Introduit un nouveau sujet.,🔄,connecteurs
en ce qui concerne,что касается,prep,"<b>En ce qui concerne</b> ce projet, j'ai des doutes.","<b>Что касается</b> этого проекта, у меня сомнения.",Connecteur de transition. Formel. TEF B2.,🔄,connecteurs
bref,короче говоря; словом,adv,"<b>Bref</b>, tout s'est bien passé.","<b>Короче</b>, всё прошло хорошо.",Connecteur de conclusion/résumé. Oral et écrit.,📋,connecteurs
en résumé,подводя итог; резюмируя,adv,"<b>En résumé</b>, trois points sont essentiels.","<b>Подводя итог</b>, три момента важны.",Connecteur de conclusion. Formel.,📋,connecteurs
en somme,в общем; итого,adv,"<b>En somme</b>, c'était une bonne expérience.","<b>В общем</b>, это был хороший опыт.",Connecteur de conclusion.,📋,connecteurs
pour conclure,в заключение,adv,"<b>Pour conclure</b>, je dirai que cette solution est la meilleure.","<b>В заключение</b> скажу, что это решение лучшее.",Connecteur de conclusion. TEF Expression Écrite.,🏁,connecteurs
en conclusion,в заключение,adv,"<b>En conclusion</b>, ce projet mérite d'être soutenu.","<b>В заключение</b>, этот проект заслуживает поддержки.",Connecteur de conclusion. Formel.,🏁,connecteurs
finalement,в конечном счёте; наконец,adv,"<b>Finalement</b>, il a accepté notre offre.",<b>В конечном счёте</b> он принял наше предложение.,Connecteur de conclusion temporelle.,🏁,connecteurs
en fin de compte,в конечном счёте,adv,"<b>En fin de compte</b>, tout s'est arrangé.",<b>В конечном счёте</b> всё уладилось.,Connecteur de conclusion.,🏁,connecteurs
avoir beau + inf,как ни...; сколько ни...,expr,"J'<b>ai beau</b> chercher, je ne trouve pas mes clés.","<b>Сколько ни</b> ищу, не могу найти ключи.",Concession. Очень частотное! TEF B2.,🔄,constructions
avoir besoin de,нуждаться в; иметь нужду,expr,J'<b>ai besoin de</b> ton aide pour ce projet.,Мне <b>нужна</b> твоя помощь для этого проекта.,+ nom ou infinitif. Базовое выражение.,🆘,constructions
avoir envie de,хотеть; иметь желание,expr,J'<b>ai envie de</b> partir en vacances.,Я <b>хочу</b> поехать в отпуск.,+ infinitif. Synonyme: vouloir.,💭,constructions
avoir l'air de,выглядеть; казаться,expr,Tu <b>as l'air</b> fatigué aujourd'hui.,Ты <b>выглядишь</b> уставшим сегодня.,+ adjectif ou infinitif. Synonyme: sembler.,👀,constructions
avoir l'habitude de,иметь привычку; привыкнуть,expr,J'<b>ai l'habitude de</b> me lever tôt.,Я <b>привык</b> рано вставать.,+ infinitif.,🔁,constructions
avoir l'intention de,намереваться; собираться,expr,J'<b>ai l'intention de</b> déménager au Québec.,Я <b>намереваюсь</b> переехать в Квебек.,+ infinitif. Formel.,🎯,constructions
avoir l'occasion de,иметь возможность,expr,J'<b>ai eu l'occasion de</b> visiter Montréal.,У меня <b>была возможность</b> посетить Монреаль.,+ infinitif.,🎰,constructions
avoir le droit de,иметь право,expr,Vous <b>avez le droit de</b> refuser.,Вы <b>имеете право</b> отказаться.,+ infinitif. Juridique/formel.,⚖️,constructions
avoir le temps de,иметь время,expr,Je n'<b>ai pas le temps de</b> finir ce rapport.,У меня <b>нет времени</b> закончить этот отчёт.,+ infinitif.,⏰,constructions
avoir lieu,происходить; состояться,expr,La réunion <b>aura lieu</b> demain à 10h.,Собрание <b>состоится</b> завтра в 10:00.,Impersonnel/événementiel. Très fréquent!,📅,constructions
avoir peur de,бояться,expr,J'<b>ai peur de</b> rater mon examen.,Я <b>боюсь</b> провалить экзамен.,+ nom ou infinitif.,😨,constructions
avoir raison,быть правым,expr,"Tu <b>as raison</b>, c'est une bonne idée.","Ты <b>прав</b>, это хорошая идея.",Opposé: avoir tort.,✅,constructions
avoir tort,быть неправым; ошибаться,expr,J'<b>ai eu tort</b> de lui faire confiance.,"Я <b>ошибся</b>, доверившись ему.",Opposé: avoir raison.,❌,constructions
avoir hâte de,не терпеться; с нетерпением ждать,expr,J'<b>ai hâte de</b> te revoir !,<b>Не терпится</b> тебя увидеть!,+ infinitif. Québec: très courant.,⏳😊,constructions
avoir tendance à,иметь склонность; склоняться к,expr,Il <b>a tendance à</b> exagérer.,Он <b>склонен</b> преувеличивать.,+ infinitif.,📈,constructions
avoir du mal à,с трудом; испытывать трудности,expr,J'<b>ai du mal à</b> comprendre son accent.,Мне <b>трудно</b> понять его акцент.,+ infinitif. Synonyme: avoir des difficultés à.,😓,constructions
être en train de,быть в процессе; сейчас делать,expr,Je <b>suis en train de</b> travailler.,Я <b>сейчас</b> работаю.,Présent progressif. Очень частотное!,⏳,constructions
être sur le point de,вот-вот; собираться,expr,Le film <b>est sur le point de</b> commencer.,Фильм <b>вот-вот</b> начнётся.,Futur immédiat.,⏱️,constructions
être censé + inf,должен; предполагается что,expr,Tu <b>es censé</b> arriver à 8h.,Ты <b>должен</b> прийти в 8:00.,Obligation/attente. TEF B2.,📋,constructions
être obligé de,быть обязанным; вынужден,expr,Je <b>suis obligé de</b> partir plus tôt.,Я <b>вынужден</b> уйти раньше.,+ infinitif. Obligation forte.,⚠️,constructions
être capable de,быть способным,expr,Elle <b>est capable de</b> résoudre ce problème.,Она <b>способна</b> решить эту проблему.,+ infinitif. Synonyme: pouvoir.,💪,constructions
être prêt à,быть готовым к,expr,Je <b>suis prêt à</b> commencer.,Я <b>готов</b> начать.,+ infinitif.,✅,constructions
être en mesure de,быть в состоянии,expr,Nous ne <b>sommes pas en mesure de</b> vous répondre.,Мы <b>не в состоянии</b> вам ответить.,+ infinitif. Formel.,📊,constructions
être susceptible de,может; возможно,expr,Ce produit <b>est susceptible de</b> causer des allergies.,Этот продукт <b>может</b> вызвать аллергию.,+ infinitif. Formel. Возможность/риск.,⚠️,constructions
être amené à,приходится; вынужден,expr,"Dans ce travail, on <b>est amené à</b> voyager souvent.",На этой работе <b>приходится</b> часто ездить.,+ infinitif. Formel.,🔄,constructions
être tenu de,быть обязанным,expr,Les employés <b>sont tenus de</b> respecter le règlement.,Сотрудники <b>обязаны</b> соблюдать правила.,+ infinitif. Juridique/formel.,⚖️,constructions
faire semblant de,притворяться; делать вид,expr,Il <b>fait semblant de</b> dormir.,"Он <b>притворяется</b>, что спит.",+ infinitif.,🎭,constructions
faire partie de,быть частью; входить в состав,expr,Je <b>fais partie de</b> l'équipe de marketing.,Я <b>вхожу в</b> команду маркетинга.,+ nom.,🧩,constructions
faire attention à,обращать внимание; быть осторожным,expr,<b>Fais attention à</b> la marche !,"<b>Осторожно</b>, ступенька!",+ nom ou infinitif.,⚠️👀,constructions
faire face à,противостоять; столкнуться с,expr,Nous devons <b>faire face à</b> cette crise.,Мы должны <b>противостоять</b> этому кризису.,+ nom. TEF B2.,💪,constructions
faire preuve de,проявлять; демонстрировать,expr,Il a <b>fait preuve de</b> courage.,Он <b>проявил</b> смелость.,+ nom (qualité). Formel. TEF B2.,🏆,constructions
faire appel à,обращаться к; прибегать к,expr,Nous avons <b>fait appel à</b> un expert.,Мы <b>обратились к</b> эксперту.,+ nom.,📞,constructions
faire confiance à,доверять,expr,Je <b>fais confiance à</b> ton jugement.,Я <b>доверяю</b> твоему суждению.,+ nom (personne).,🤝,constructions
se rendre compte de,осознать; понять,expr,Je me <b>suis rendu compte de</b> mon erreur.,Я <b>осознал</b> свою ошибку.,+ nom ou que + phrase. Très fréquent!,💡,constructions
il s'agit de,речь идёт о; дело в,expr,<b>Il s'agit d'</b>un problème sérieux.,<b>Речь идёт о</b> серьёзной проблеме.,Impersonnel. Très fréquent! TEF.,📌,constructions
il paraît que,говорят что; кажется,expr,<b>Il paraît que</b> le directeur va démissionner.,"<b>Говорят, что</b> директор уволится.",Impersonnel. Rumeur/information non confirmée.,💬,constructions
il semble que,кажется что,expr,<b>Il semble que</b> tu aies raison.,"<b>Кажется, что</b> ты прав.",Impersonnel. + subjonctif (souvent).,🤔,constructions
il vaut mieux,лучше,expr,<b>Il vaut mieux</b> partir maintenant.,<b>Лучше</b> уехать сейчас.,Impersonnel. + infinitif ou que + subjonctif.,👍,constructions
il suffit de,достаточно,expr,<b>Il suffit de</b> cliquer sur ce bouton.,<b>Достаточно</b> нажать на эту кнопку.,Impersonnel. + infinitif.,✅,constructions
il convient de,следует; подобает,expr,<b>Il convient de</b> remercier nos partenaires.,<b>Следует</b> поблагодарить наших партнёров.,Impersonnel. Formel. + infinitif.,📋,constructions
il arrive que,случается что; бывает,expr,<b>Il arrive que</b> je sois en retard.,"<b>Бывает</b>, что я опаздываю.",Impersonnel. + subjonctif.,🎲,constructions
il se peut que,возможно что,expr,<b>Il se peut que</b> je parte demain.,"<b>Возможно</b>, я уеду завтра.",Impersonnel. + subjonctif. Synonyme: peut-être que.,🤷,constructions
il est question de,речь идёт о,expr,<b>Il est question de</b> construire un nouveau stade.,<b>Речь идёт о</b> строительстве нового стадиона.,Impersonnel. Synonyme: il s'agit de.,📰,constructions
il va sans dire que,само собой разумеется,expr,<b>Il va sans dire que</b> ta présence est souhaitée.,"<b>Само собой разумеется</b>, что твоё присутствие желательно.",Impersonnel. Formel.,💯,constructions
il est temps de,пора,expr,<b>Il est temps de</b> partir.,<b>Пора</b> уходить.,Impersonnel. + infinitif.,⏰,constructions
il reste à,осталось,expr,<b>Il reste à</b> résoudre quelques problèmes.,<b>Осталось</b> решить несколько проблем.,Impersonnel. + infinitif.,📝,constructions
finir par,в конце концов; в итоге,expr,Il a <b>fini par</b> accepter notre offre.,Он <b>в итоге</b> принял наше предложение.,+ infinitif. Résultat après effort/temps.,🏁,constructions
venir de + inf,только что,expr,Je <b>viens de</b> terminer mon travail.,Я <b>только что</b> закончил работу.,Passé récent. Очень частотное!,⏱️,constructions
aller + inf,собираться; скоро,expr,Je <b>vais</b> partir dans cinq minutes.,Я <b>собираюсь</b> уйти через пять минут.,Futur proche. Базовое!,➡️,constructions
devoir + inf,должен; обязан,expr,Tu <b>dois</b> respecter les règles.,Ты <b>должен</b> соблюдать правила.,Obligation ou probabilité.,⚠️,constructions
pouvoir + inf,мочь; иметь возможность,expr,Je <b>peux</b> t'aider si tu veux.,"Я <b>могу</b> тебе помочь, если хочешь.",Capacité ou permission.,✅,constructions
savoir + inf,уметь,expr,Elle <b>sait</b> jouer du piano.,Она <b>умеет</b> играть на пианино.,⚠️ Savoir = compétence acquise. Pouvoir = capacité physique.,🎹,constructions
à mon avis,по моему мнению,expr,"<b>À mon avis</b>, cette solution est la meilleure.","<b>По моему мнению</b>, это решение лучшее.",Expression d'opinion. TEF Expression Orale. Très courant.,💭,opinion
selon moi,по-моему; на мой взгляд,expr,"<b>Selon moi</b>, il faudrait agir vite.","<b>По-моему</b>, нужно действовать быстро.",Expression d'opinion. Synonyme: à mon avis.,💭,opinion
d'après moi,по-моему; на мой взгляд,expr,"<b>D'après moi</b>, c'est une erreur.","<b>По-моему</b>, это ошибка.",Expression d'opinion.,💭,opinion
pour ma part,что касается меня; со своей стороны,expr,"<b>Pour ma part</b>, je préfère rester neutre.","<b>Что касается меня</b>, я предпочитаю оставаться нейтральным.",Expression d'opinion. Formel.,💭,opinion
en ce qui me concerne,что касается меня,expr,"<b>En ce qui me concerne</b>, je suis d'accord.","<b>Что касается меня</b>, я согласен.",Expression d'opinion. Formel. TEF B2.,💭,opinion
personnellement,лично; по-моему,adv,"<b>Personnellement</b>, je trouve ce film ennuyeux.",<b>Лично</b> я нахожу этот фильм скучным.,Expression d'opinion.,💭,opinion
il me semble que,мне кажется что,expr,<b>Il me semble que</b> tu as raison.,"<b>Мне кажется, что</b> ты прав.",Opinion nuancée. + indicatif.,🤔,opinion
je trouve que,я нахожу что; считаю что,expr,<b>Je trouve que</b> c'est une bonne idée.,"<b>Я считаю, что</b> это хорошая идея.",Opinion. + indicatif.,✅,opinion
je pense que,я думаю что,expr,<b>Je pense que</b> nous devrions partir.,"<b>Я думаю, что</b> нам стоит уйти.",Opinion. + indicatif. ⚠️ Négation + subjonctif.,💭,opinion
je crois que,я считаю что; полагаю,expr,<b>Je crois que</b> c'est possible.,"<b>Полагаю, что</b> это возможно.",Opinion. + indicatif. ⚠️ Négation + subjonctif.,💭,opinion
j'estime que,я считаю что; полагаю,expr,<b>J'estime que</b> cette décision est juste.,"<b>Я считаю, что</b> это решение справедливое.",Opinion. Formel. + indicatif.,📊,opinion
je considère que,я считаю что,expr,<b>Je considère que</b> ce problème est prioritaire.,"<b>Я считаю, что</b> эта проблема приоритетная.",Opinion. Formel.,📊,opinion
je suis convaincu que,я убеждён что,expr,<b>Je suis convaincu que</b> nous réussirons.,"<b>Я убеждён, что</b> мы преуспеем.",Opinion forte. + indicatif.,💪,opinion
je suis persuadé que,я уверен что,expr,<b>Je suis persuadé que</b> c'est la bonne solution.,"<b>Я уверен, что</b> это правильное решение.",Opinion forte. + indicatif.,💪,opinion
j'ai l'impression que,у меня впечатление что,expr,<b>J'ai l'impression que</b> quelque chose ne va pas.,"<b>У меня впечатление, что</b> что-то не так.",Opinion nuancée. + indicatif.,🤔,opinion
il est évident que,очевидно что,expr,<b>Il est évident que</b> ce projet est ambitieux.,"<b>Очевидно, что</b> этот проект амбициозный.",Certitude. + indicatif.,💯,opinion
il est clair que,ясно что,expr,<b>Il est clair que</b> nous avons un problème.,"<b>Ясно, что</b> у нас проблема.",Certitude. + indicatif.,💯,opinion
il est certain que,несомненно что; точно,expr,<b>Il est certain que</b> les prix vont augmenter.,"<b>Несомненно</b>, цены вырастут.",Certitude. + indicatif.,💯,opinion
je suis d'accord,я согласен,expr,<b>Je suis d'accord</b> avec toi sur ce point.,<b>Я согласен</b> с тобой в этом.,Accord. Très courant.,✅,opinion
je suis tout à fait d'accord,я полностью согласен,expr,<b>Je suis tout à fait d'accord</b> avec cette analyse.,<b>Я полностью согласен</b> с этим анализом.,Accord total.,✅✅,opinion
je ne suis pas d'accord,я не согласен,expr,<b>Je ne suis pas d'accord</b> avec cette décision.,<b>Я не согласен</b> с этим решением.,Désaccord.,❌,opinion
je partage ton avis,я разделяю твоё мнение,expr,<b>Je partage ton avis</b> sur cette question.,<b>Я разделяю твоё мнение</b> по этому вопросу.,Accord. Formel.,🤝,opinion
je suis de ton avis,я с тобой согласен,expr,"<b>Je suis de ton avis</b>, il faut agir.","<b>Я с тобой согласен</b>, нужно действовать.",Accord.,🤝,opinion
je doute que,я сомневаюсь что,expr,<b>Je doute que</b> ce soit possible.,"<b>Я сомневаюсь, что</b> это возможно.",Doute. ⚠️ + SUBJONCTIF!,🤨,opinion
je ne pense pas que,я не думаю что,expr,<b>Je ne pense pas que</b> ce soit une bonne idée.,"<b>Я не думаю, что</b> это хорошая идея.",Désaccord/doute. ⚠️ + SUBJONCTIF!,🤔,opinion
je ne crois pas que,я не считаю что,expr,<b>Je ne crois pas que</b> tu aies raison.,"<b>Я не считаю, что</b> ты прав.",Désaccord/doute. ⚠️ + SUBJONCTIF!,🤔,opinion
il est possible que,возможно что,expr,<b>Il est possible que</b> je sois en retard.,"<b>Возможно</b>, я опоздаю.",Possibilité. + subjonctif.,🤷,opinion
il est probable que,вероятно что,expr,<b>Il est probable que</b> le projet sera approuvé.,"<b>Вероятно</b>, проект будет одобрен.",Probabilité. + indicatif (haute probabilité).,📈,opinion
peut-être que,может быть,expr,<b>Peut-être que</b> tu as raison.,"<b>Может быть</b>, ты прав.",Possibilité. + indicatif. Oral.,🤷,opinion
sans doute,вероятно; наверное,adv,Il viendra <b>sans doute</b> demain.,Он <b>наверное</b> придёт завтра.,"⚠️ = probablement, PAS certainement!",📊,opinion
certes... mais,конечно... но,expr,"<b>Certes</b>, c'est cher, <b>mais</b> la qualité est excellente.","<b>Конечно</b>, это дорого, <b>но</b> качество отличное.",Concession argumentative. TEF B2.,↔️,opinion
il faut reconnaître que,надо признать что,expr,<b>Il faut reconnaître que</b> son travail est remarquable.,"<b>Надо признать, что</b> его работа выдающаяся.",Concession. Formel.,🎖️,opinion
force est de constater que,приходится констатировать что,expr,<b>Force est de constater que</b> les résultats sont décevants.,"<b>Приходится констатировать, что</b> результаты разочаровывают.",Très formel. Écrit.,📊,opinion
on ne peut nier que,нельзя отрицать что,expr,<b>On ne peut nier que</b> des progrès ont été faits.,"<b>Нельзя отрицать, что</b> был достигнут прогресс.",Concession. Formel. + indicatif.,✅,opinion
tout le monde sait que,всем известно что,expr,<b>Tout le monde sait que</b> fumer est dangereux.,"<b>Всем известно, что</b> курить опасно.",Fait établi.,💯,opinion
comme chacun sait,как всем известно,expr,"<b>Comme chacun sait</b>, le réchauffement climatique est un problème.","<b>Как всем известно</b>, глобальное потепление — проблема.",Fait établi. Formel.,📢,opinion
de toute évidence,совершенно очевидно,adv,"<b>De toute évidence</b>, il ment.","<b>Совершенно очевидно</b>, он врёт.",Certitude.,💯,opinion
à vrai dire,по правде говоря,adv,"<b>À vrai dire</b>, je n'ai pas très envie d'y aller.","<b>По правде говоря</b>, мне не очень хочется туда идти.",Honnêteté/aveu.,🤫,opinion
franchement,честно говоря; откровенно,adv,"<b>Franchement</b>, je trouve ça ridicule.","<b>Честно говоря</b>, я нахожу это смешным.",Opinion directe.,💬,opinion
honnêtement,честно говоря,adv,"<b>Honnêtement</b>, je ne sais pas quoi faire.","<b>Честно говоря</b>, я не знаю, что делать.",Opinion sincère.,💬,opinion
à l'époque,в то время; тогда,adv,"<b>À l'époque</b>, je vivais à Paris.",<b>В то время</b> я жил в Париже.,Référence au passé.,📅,temps
autrefois,раньше; в прежние времена,adv,"<b>Autrefois</b>, les gens voyageaient moins.",<b>Раньше</b> люди путешествовали меньше.,Passé lointain. Formel.,🏛️,temps
jadis,некогда; встарь,adv,"<b>Jadis</b>, ce château était habité.",<b>Некогда</b> этот замок был обитаем.,Passé très lointain. Littéraire.,🏰,temps
auparavant,ранее; прежде,adv,"<b>Auparavant</b>, il travaillait dans une banque.",<b>Ранее</b> он работал в банке.,Avant un moment passé. Formel.,⏪,temps
il y a,назад (о времени),prep,J'ai déménagé <b>il y a</b> trois ans.,Я переехал <b>три года назад</b>.,⚠️ Il y a + durée = ago.,⏱️,temps
depuis,с; в течение,prep,Je vis ici <b>depuis</b> 2020.,Я живу здесь <b>с</b> 2020 года.,Durée jusqu'au présent. + présent en français!,⏳,temps
pendant,в течение; во время,prep,"<b>Pendant</b> les vacances, j'ai voyagé.",<b>Во время</b> каникул я путешествовал.,Durée limitée dans le passé.,📅,temps
durant,в течение; во время,prep,"<b>Durant</b> son séjour, il a visité plusieurs musées.",<b>В течение</b> пребывания он посетил несколько музеев.,Synonyme formel de pendant.,📅,temps
au cours de,в ходе; в течение,prep,"<b>Au cours de</b> cette réunion, plusieurs décisions ont été prises.",<b>В ходе</b> этого собрания было принято несколько решений.,Formel. TEF B2.,📊,temps
de nos jours,в наши дни; сегодня,adv,"<b>De nos jours</b>, tout le monde a un smartphone.",<b>В наши дни</b> у всех есть смартфон.,Présent général. TEF B2.,📱,temps
actuellement,в настоящее время; сейчас,adv,"<b>Actuellement</b>, je cherche un emploi.",<b>В настоящее время</b> я ищу работу.,⚠️ Faux ami! ≠ actually (en fait).,📍,temps
en ce moment,сейчас; в данный момент,adv,"<b>En ce moment</b>, je suis très occupé.",<b>Сейчас</b> я очень занят.,Présent ponctuel.,📍,temps
à présent,сейчас; теперь,adv,"<b>À présent</b>, passons au deuxième point.",<b>Теперь</b> перейдём ко второму пункту.,Présent. Formel.,📍,temps
désormais,отныне; впредь,adv,"<b>Désormais</b>, les réunions auront lieu le lundi.",<b>Отныне</b> собрания будут по понедельникам.,À partir de maintenant. Formel. TEF B2.,➡️,temps
dorénavant,впредь; отныне,adv,"<b>Dorénavant</b>, je ferai plus attention.",<b>Впредь</b> я буду внимательнее.,Synonyme de désormais. Très formel.,➡️,temps
à l'avenir,в будущем; впредь,adv,"<b>À l'avenir</b>, évitez ce genre d'erreurs.",<b>В будущем</b> избегайте таких ошибок.,Futur. Conseil/avertissement.,🔮,temps
prochainement,в ближайшее время; скоро,adv,Le nouveau magasin ouvrira <b>prochainement</b>.,Новый магазин откроется <b>в ближайшее время</b>.,Futur proche.,📅,temps
bientôt,скоро; вскоре,adv,Je reviendrai <b>bientôt</b>.,Я <b>скоро</b> вернусь.,Futur proche. Courant.,⏳,temps
à la longue,со временем; в конечном счёте,adv,"<b>À la longue</b>, tu t'y habitueras.",<b>Со временем</b> ты привыкнешь.,Après une longue période.,⏳,temps
au fur et à mesure,по мере; постепенно,adv,J'apprends <b>au fur et à mesure</b>.,Я учусь <b>постепенно</b>.,Progression graduelle. TEF B2.,📈,temps
peu à peu,мало-помалу; постепенно,adv,"<b>Peu à peu</b>, la situation s'améliore.",<b>Мало-помалу</b> ситуация улучшается.,Progression graduelle.,📈,temps
progressivement,постепенно,adv,Les températures augmentent <b>progressivement</b>.,Температура <b>постепенно</b> повышается.,Progression graduelle. Formel.,📈,temps
tout à coup,вдруг; внезапно,adv,"<b>Tout à coup</b>, il a commencé à pleuvoir.",<b>Вдруг</b> начался дождь.,Soudaineté.,⚡,temps
soudain,вдруг; внезапно,adv,"<b>Soudain</b>, la lumière s'est éteinte.",<b>Вдруг</b> свет погас.,Synonyme de tout à coup.,⚡,temps
aussitôt,тотчас; сразу же,adv,Il est parti et <b>aussitôt</b> je l'ai suivi.,"Он ушёл, и я <b>тотчас</b> последовал за ним.",Immédiatement après.,⚡,temps
immédiatement,немедленно; сразу,adv,Appelez-moi <b>immédiatement</b> !,Позвоните мне <b>немедленно</b>!,Urgence.,🚨,temps
sur-le-champ,немедленно; тут же,adv,Il a été renvoyé <b>sur-le-champ</b>.,Его уволили <b>на месте</b>.,Immédiatement. Formel.,⚡,temps
d'ici,к (времени); до,prep,"<b>D'ici</b> la fin de la semaine, tout sera prêt.",<b>К</b> концу недели всё будет готово.,Délai limite.,📅,temps
d'ici peu,вскоре; в скором времени,adv,"<b>D'ici peu</b>, les travaux seront terminés.",<b>Вскоре</b> работы будут завершены.,Futur proche.,⏳,temps
en attendant,тем временем; пока,adv,"<b>En attendant</b>, prenez un café.",<b>Пока</b> выпейте кофе.,Pendant ce temps.,☕,temps
entre-temps,тем временем; между тем,adv,"<b>Entre-temps</b>, j'ai changé d'avis.",<b>Тем временем</b> я передумал.,Pendant cette période.,⏳,temps
à partir de,начиная с,prep,"<b>À partir de</b> lundi, je serai en vacances.",<b>Начиная с</b> понедельника я буду в отпуске.,Point de départ temporel.,📅,temps
jusqu'à,до,prep,Je travaille <b>jusqu'à</b> 18h.,Я работаю <b>до</b> 18:00.,Point final temporel.,📅,temps
après,после,prep,"<b>Après</b> le dîner, on regardera un film.",<b>После</b> ужина посмотрим фильм.,Postériorité.,⏩,temps
lors de,во время; при,prep,"<b>Lors de</b> mon voyage, j'ai rencontré des gens incroyables.",<b>Во время</b> путешествия я встретил удивительных людей.,Moment précis. Formel. TEF B2.,📅,temps
dès que,как только,conj,"<b>Dès que</b> possible, envoyez-moi le rapport.","<b>Как только</b> возможно, пришлите мне отчёт.",Immédiatement après. + indicatif (futur en français!).,⚡,temps
aussitôt que,как только,conj,"<b>Aussitôt que</b> tu arrives, appelle-moi.","<b>Как только</b> приедешь, позвони.",Synonyme de dès que.,⚡,temps
une fois que,как только; после того как,conj,"<b>Une fois que</b> tu auras fini, on pourra partir.","<b>После того как</b> закончишь, сможем уйти.",Après completion.,✅,temps
du coup,поэтому; в итоге,adv,"Il pleuvait, <b>du coup</b> on est restés.","Шёл дождь, <b>поэтому</b> мы остались.",Oral. Très fréquent au Québec et en France. Familier.,💬,fillers_formules
en fait,на самом деле; вообще-то,adv,"<b>En fait</b>, je ne suis pas d'accord.",<b>На самом деле</b> я не согласен.,Oral/écrit. Correction ou précision. Très courant!,💡,fillers_formules
en gros,в общем; грубо говоря,adv,"<b>En gros</b>, le projet coûte 10 000 euros.","<b>Грубо говоря</b>, проект стоит 10 000 евро.",Oral. Résumé approximatif.,📊,fillers_formules
genre,типа; как бы,adv,C'était <b>genre</b> super difficile.,Это было <b>типа</b> очень сложно.,Oral. Très familier. Jeunes.,🗣️,fillers_formules
quoi,ну; типа (filler),interj,"C'est compliqué, <b>quoi</b>.","Это сложно, <b>ну</b>.",Oral. Filler en fin de phrase. Familier.,💬,fillers_formules
bon,ну; ладно,interj,"<b>Bon</b>, on y va ?","<b>Ну</b>, идём?",Oral. Transition ou impatience.,👍,fillers_formules
ben,ну,interj,"<b>Ben</b>, je sais pas.","<b>Ну</b>, не знаю.",Oral. Très familier. = bien.,🤷,fillers_formules
eh bien,ну что ж; итак,interj,"<b>Eh bien</b>, commençons !","<b>Ну что ж</b>, начнём!",Oral/écrit. Transition.,💬,fillers_formules
voilà,вот; вот так,interj,"J'ai fini, <b>voilà</b>.","Я закончил, <b>вот</b>.",Oral. Conclusion ou confirmation. Très courant!,✅,fillers_formules
tu vois,понимаешь; видишь ли,expr,"C'est compliqué, <b>tu vois</b>.","Это сложно, <b>понимаешь</b>.",Oral. Filler pour vérifier compréhension.,👀,fillers_formules
tu sais,знаешь,expr,"<b>Tu sais</b>, je pense que tu as raison.","<b>Знаешь</b>, я думаю, ты прав.",Oral. Filler. Québec: t'sé.,💬,fillers_formules
comment dire,как сказать,expr,C'est <b>comment dire</b>... délicat.,Это <b>как сказать</b>... деликатно.,Oral. Hésitation.,🤔,fillers_formules
disons,скажем так,expr,<b>Disons</b> que c'est compliqué.,"<b>Скажем так</b>, это сложно.",Oral. Approximation/hésitation.,💭,fillers_formules
enfin (filler),ну; в смысле,adv,"C'était intéressant, <b>enfin</b>, je crois.","Это было интересно, <b>ну</b>, я думаю.",Oral. Correction/hésitation. ⚠️ Другое значение: enfin = наконец (connecteur).,💬,fillers_formules
quand même,всё-таки; всё же,adv,C'est <b>quand même</b> bizarre.,Это <b>всё-таки</b> странно.,Oral/écrit. Insistance ou concession.,❗,fillers_formules
justement,как раз; именно,adv,"<b>Justement</b>, j'allais te le dire.",<b>Как раз</b> собирался тебе это сказать.,Coïncidence ou confirmation.,💡,fillers_formules
effectivement,действительно; да,adv,"<b>Effectivement</b>, tu as raison.","<b>Действительно</b>, ты прав.",Confirmation. Oral/écrit.,✅,fillers_formules
absolument,безусловно; конечно,adv,"<b>Absolument</b>, je suis d'accord.","<b>Безусловно</b>, я согласен.",Accord fort.,💯,fillers_formules
exactement,именно; точно,adv,"<b>Exactement</b>, c'est ce que je voulais dire.","<b>Именно</b>, это то, что я хотел сказать.",Accord précis.,🎯,fillers_formules
tout à fait,совершенно; полностью,adv,Je suis <b>tout à fait</b> d'accord.,Я <b>полностью</b> согласен.,Accord total. Poli.,✅,fillers_formules
pas du tout,вовсе нет; совсем нет,adv,— Tu es fatigué ? — <b>Pas du tout</b>.,— Ты устал? — <b>Вовсе нет</b>.,Négation forte.,❌,fillers_formules
pas vraiment,не совсем,adv,— Tu aimes ça ? — <b>Pas vraiment</b>.,— Тебе нравится? — <b>Не совсем</b>.,Négation atténuée.,🤷,fillers_formules
je vous en prie,пожалуйста (в ответ),expr,— Merci ! — <b>Je vous en prie</b>.,— Спасибо! — <b>Пожалуйста</b>.,Formel. Réponse à merci.,🙏,fillers_formules
de rien,не за что,expr,— Merci ! — <b>De rien</b>.,— Спасибо! — <b>Не за что</b>.,Réponse à merci. Courant.,😊,fillers_formules
il n'y a pas de quoi,не за что,expr,— Merci beaucoup ! — <b>Il n'y a pas de quoi</b>.,— Большое спасибо! — <b>Не за что</b>.,Réponse à merci. Plus formel.,🙏,fillers_formules
avec plaisir,с удовольствием,expr,— Tu peux m'aider ? — <b>Avec plaisir</b>.,— Можешь помочь? — <b>С удовольствием</b>.,Acceptation polie.,😊,fillers_formules
volontiers,охотно; с удовольствием,adv,— Un café ? — <b>Volontiers</b>.,— Кофе? — <b>Охотно</b>.,Acceptation. Formel/poli.,☕,fillers_formules
je vous prie de,прошу вас,expr,<b>Je vous prie de</b> bien vouloir m'excuser.,<b>Прошу вас</b> меня извинить.,Très formel. Correspondance officielle.,📧,fillers_formules
veuillez,пожалуйста (просьба),v,<b>Veuillez</b> patienter quelques instants.,"<b>Пожалуйста</b>, подождите немного.",Formel. Impératif de vouloir.,📋,fillers_formules
je vous serais reconnaissant de,был бы признателен если бы,expr,<b>Je vous serais reconnaissant de</b> me répondre rapidement.,"<b>Был бы признателен</b>, если бы вы ответили быстро.",Très formel. Correspondance.,📧,fillers_formules
je me permets de,позволю себе,expr,<b>Je me permets de</b> vous contacter au sujet de...,<b>Позволю себе</b> связаться с вами по поводу...,Formel. Début de lettre/email.,📧,fillers_formules
suite à,в связи с; после,prep,"<b>Suite à</b> notre conversation, je vous envoie le document.","<b>В связи с</b> нашим разговором, отправляю вам документ.",Formel. Correspondance.,📧,fillers_formules
dans l'attente de,в ожидании,prep,"<b>Dans l'attente de</b> votre réponse, je vous prie d'agréer...","<b>В ожидании</b> вашего ответа, прошу принять...",Formule de politesse. Fin de lettre.,📧,fillers_formules
veuillez agréer,прошу принять (формула вежливости),expr,<b>Veuillez agréer</b> l'expression de mes salutations distinguées.,<b>Прошу принять</b> выражение моего глубокого уважения.,Formule finale. Très formel.,📧,fillers_formules
cordialement,с уважением,adv,"Merci d'avance, <b>cordialement</b>.","Заранее спасибо, <b>с уважением</b>.",Fin d'email. Semi-formel.,📧,fillers_formules
bien à vous,с уважением,expr,"<b>Bien à vous</b>, Marie.","<b>С уважением</b>, Мари.",Fin d'email. Poli mais pas trop formel.,📧,fillers_formules
n'hésitez pas à,не стесняйтесь; обращайтесь,expr,<b>N'hésitez pas à</b> me contacter si vous avez des questions.,"<b>Не стесняйтесь</b> обращаться, если есть вопросы.",Invitation à l'action. Courant.,📞,fillers_formules
je reste à votre disposition,остаюсь в вашем распоряжении,expr,<b>Je reste à votre disposition</b> pour tout renseignement.,<b>Остаюсь в вашем распоряжении</b> для любой информации.,Formel. Fin de lettre/email.,📋,fillers_formules
